Entry_Time,Type,Is_Short,Trade_Type,Option_Symbol,Strike,Expiry,Strategy,Entry_Price,Qty,Target_Price,SL_Price,Initial_SL,Spot_ATR,Entry_Spot,Max_Favorable_Excursion,Trailing_Trigger_Points,Trailing_Jump_Points,exit_mode,spot_sl_price,spot_target_price,spot_initial_sl,spot_mfe,spot_atr,Breakeven_Mult,Initial_SL_Points,Breakeven_Triggered,Regime_Trend,Regime_Vol,Exit_Time,Exit_Price,Exit_Spot,Gross_PnL,Charges,PnL,Exit_Reason,Max_Excursion_Pts,Active_Strategy,Entry_Time_DT
2025-07-29 11:11:00,CE,False,BUY,NIFTY 24650 CE,24650,2025-08-07,Strategy_19,214.77,75,414.77,178.77,178.77,25.87446880472426,24646.35,343.5,32.3,0.0,POINTS,0.0,0.0,0.0,24646.35,25.87446880472426,0.0,36.0,False,TREND,HIGH_VIX,2025-07-31 09:15:00,177.88,24699.1,-2766.75,80.58,-2847.33,StopLoss,128.73,Strategy_19,2025-07-29 11:11:00
2025-08-04 11:11:00,CE,False,BUY,NIFTY 24650 CE,24650,2025-08-14,Strategy_19,223.11,75,423.11,187.11,187.11,26.880716417470346,24653.5,263.25,33.6,0.0,POINTS,0.0,0.0,0.0,24653.5,26.880716417470346,0.0,36.0,False,RANGE,HIGH_VIX,2025-08-05 09:38:00,186.17,24638.85,-2770.5,82.1,-2852.6,StopLoss,40.14,Strategy_19,2025-08-04 11:11:00
2025-08-06 10:26:00,CE,False,BUY,NIFTY 24600 CE,24600,2025-08-14,Strategy_19,188.94,75,388.94,152.94,152.94,24.269149114703243,24623.1,188.94,30.3,0.0,POINTS,0.0,0.0,0.0,24623.1,24.269149114703243,0.0,36.0,False,NEUTRAL,HIGH_VIX,2025-08-06 10:45:00,152.18,24555.25,-2757.0,75.95,-2832.95,StopLoss,0.0,Strategy_19,2025-08-06 10:26:00
2025-08-07 11:16:00,CE,False,BUY,NIFTY 24400 CE,24400,2025-08-14,Strategy_19,168.39,75,368.39,132.39,132.39,19.20100373672588,24413.25,181.85,24.0,0.0,POINTS,0.0,0.0,0.0,24413.25,19.20100373672588,0.0,36.0,False,TREND,LOW_VIX,2025-08-07 13:33:00,131.73,24351.75,-2749.5,72.66,-2822.16,StopLoss,13.46,Strategy_19,2025-08-07 11:16:00
2025-08-08 11:16:00,CE,False,BUY,NIFTY 24450 CE,24450,2025-08-21,Strategy_19,218.34,75,418.34000000000003,182.34,182.34,22.138872049025526,24442.2,238.75,27.7,0.0,POINTS,0.0,0.0,0.0,24442.2,22.138872049025526,0.0,36.0,False,NEUTRAL,HIGH_VIX,2025-08-08 15:09:00,181.43,24376.8,-2768.25,80.8,-2849.05,StopLoss,20.41,Strategy_19,2025-08-08 11:16:00
2025-08-11 11:26:00,CE,False,BUY,NIFTY 24450 CE,24450,2025-08-21,Strategy_19,214.92,75,414.91999999999996,178.92,178.92,21.40651115523863,24472.25,353.3,26.8,0.0,POINTS,0.0,0.0,0.0,24472.25,21.40651115523863,0.0,36.0,False,RANGE,HIGH_VIX,2025-08-18 09:15:00,519.04,24919.4,22809.0,129.33,22679.67,GapUp_Target,138.38,Strategy_19,2025-08-11 11:26:00
2025-08-18 12:51:00,CE,False,BUY,NIFTY 24900 CE,24900,2025-08-28,Strategy_19,223.51,75,423.51,187.51,187.51,18.045832122821736,24916.2,243.0,22.6,0.0,POINTS,0.0,0.0,0.0,24916.2,18.045832122821736,0.0,36.0,False,TREND,LOW_VIX,2025-08-19 09:36:00,186.57,24894.0,-2770.5,82.13,-2852.63,StopLoss,19.49,Strategy_19,2025-08-18 12:51:00
2025-08-20 11:36:00,CE,False,BUY,NIFTY 25000 CE,25000,2025-08-28,Strategy_19,180.4,75,380.4,144.4,144.4,16.138592042724962,25023.3,241.8,20.2,0.0,POINTS,0.0,0.0,0.0,25023.3,16.138592042724962,0.0,36.0,False,RANGE,LOW_VIX,2025-08-22 09:16:00,143.68,25044.8,-2754.0,74.41,-2828.41,StopLoss,61.4,Strategy_19,2025-08-20 11:36:00
2025-08-25 10:41:00,CE,False,BUY,NIFTY 24950 CE,24950,2025-09-02,Strategy_19,166.23,75,366.23,130.23,130.23,18.54431855697883,24943.95,198.6,23.2,0.0,POINTS,0.0,0.0,0.0,24943.95,18.54431855697883,0.0,36.0,False,NEUTRAL,LOW_VIX,2025-08-26 09:15:00,129.58,24910.45,-2748.75,72.52,-2821.27,StopLoss,32.37,Strategy_19,2025-08-25 10:41:00
2025-08-29 10:26:00,CE,False,BUY,NIFTY 24500 CE,24500,2025-09-09,Strategy_19,220.5,75,420.5,184.5,184.5,26.847235789651606,24513.5,250.0,33.6,0.0,POINTS,0.0,0.0,0.0,24513.5,26.847235789651606,0.0,36.0,False,TREND,HIGH_VIX,2025-08-29 14:29:00,183.58,24474.0,-2769.0,81.94,-2850.94,StopLoss,29.5,Strategy_19,2025-08-29 10:26:00
2025-09-01 11:01:00,CE,False,BUY,NIFTY 24550 CE,24550,2025-09-09,Strategy_19,181.15,75,381.15,145.15,145.15,20.149814569585626,24551.15,292.85,25.2,0.0,POINTS,0.0,0.0,0.0,24551.15,20.149814569585626,0.0,36.0,False,NEUTRAL,LOW_VIX,2025-09-03 09:17:00,144.42,24548.65,-2754.75,74.46,-2829.21,StopLoss,111.7,Strategy_19,2025-09-01 11:01:00
2025-09-04 12:06:00,CE,False,BUY,NIFTY 24850 CE,24850,2025-09-16,Strategy_19,195.97,75,395.97,159.97,159.97,20.194946574605815,24830.5,196.4,25.2,0.0,POINTS,0.0,0.0,0.0,24830.5,20.194946574605815,0.0,36.0,False,RANGE,LOW_VIX,2025-09-04 12:23:00,159.17,24769.65,-2760.0,77.39,-2837.39,StopLoss,0.43,Strategy_19,2025-09-04 12:06:00
2025-09-05 11:16:00,CE,False,BUY,NIFTY 24700 CE,24700,2025-09-16,Strategy_19,183.11,75,383.11,147.11,147.11,28.944054905519152,24682.4,373.8,36.2,0.0,POINTS,0.0,0.0,0.0,24682.4,28.944054905519152,0.0,36.0,False,RANGE,HIGH_VIX,2025-09-10 10:25:00,381.19,25025.05,14856.0,108.99,14747.01,Target,190.69,Strategy_19,2025-09-05 11:16:00
2025-09-11 10:36:00,CE,False,BUY,NIFTY 25000 CE,25000,2025-09-23,Strategy_19,195.12,75,395.12,159.12,159.12,15.937090100190845,24984.1,392.05,19.9,0.0,POINTS,0.0,0.0,0.0,24984.1,15.937090100190845,0.0,36.0,False,TREND,LOW_VIX,2025-09-17 09:37:00,393.14,25333.2,14851.5,110.74,14740.76,Target,196.93,Strategy_19,2025-09-11 10:36:00
2025-09-17 11:21:00,CE,False,BUY,NIFTY 25350 CE,25350,2025-09-30,Strategy_19,209.04,75,409.03999999999996,173.04,173.04,14.049891744456946,25330.05,262.65,17.6,0.0,POINTS,0.0,0.0,0.0,25330.05,14.049891744456946,0.0,36.0,False,TREND,LOW_VIX,2025-09-19 09:33:00,172.17,25345.55,-2765.25,79.22,-2844.47,StopLoss,53.61,Strategy_19,2025-09-17 11:21:00
2025-09-22 11:51:00,CE,False,BUY,NIFTY 25300 CE,25300,2025-09-30,Strategy_19,167.94,75,367.94,131.94,131.94,13.81557615915054,25289.6,175.65,17.3,0.0,POINTS,0.0,0.0,0.0,25289.6,13.81557615915054,0.0,36.0,False,TREND,LOW_VIX,2025-09-22 14:37:00,131.28,25211.4,-2749.5,72.63,-2822.13,StopLoss,7.71,Strategy_19,2025-09-22 11:51:00
2025-09-23 10:11:00,CE,False,BUY,NIFTY 25150 CE,25150,2025-09-30,Strategy_19,164.42,75,364.41999999999996,128.42,128.42,23.893922956805405,25152.95,240.9,29.9,0.0,POINTS,0.0,0.0,0.0,25152.95,23.893922956805405,0.0,36.0,False,TREND,HIGH_VIX,2025-09-24 09:15:00,127.78,25110.25,-2748.0,71.41,-2819.41,StopLoss,76.48,Strategy_19,2025-09-23 10:11:00
2025-09-25 10:26:00,CE,False,BUY,NIFTY 25050 CE,25050,2025-10-07,Strategy_19,196.18,75,396.18,160.18,160.18,20.653719350731965,25041.25,201.1,25.8,0.0,POINTS,0.0,0.0,0.0,25041.25,20.653719350731965,0.0,36.0,False,TREND,LOW_VIX,2025-09-25 14:11:00,159.38,24952.4,-2760.0,77.41,-2837.41,StopLoss,4.92,Strategy_19,2025-09-25 10:26:00
2025-09-26 11:16:00,CE,False,BUY,NIFTY 24750 CE,24750,2025-10-07,Strategy_19,220.5,75,420.5,184.5,184.5,19.578307634080797,24766.85,232.3,24.5,0.0,POINTS,0.0,0.0,0.0,24766.85,19.578307634080797,0.0,36.0,False,TREND,LOW_VIX,2025-09-26 13:32:00,183.58,24710.85,-2769.0,81.94,-2850.94,StopLoss,11.8,Strategy_19,2025-09-26 11:16:00
2025-09-29 12:31:00,CE,False,BUY,NIFTY 24650 CE,24650,2025-10-07,Strategy_19,205.02,75,405.02,169.02,169.02,20.834122966487932,24653.7,248.0,26.0,0.0,POINTS,0.0,0.0,0.0,24653.7,20.834122966487932,0.0,36.0,False,TREND,LOW_VIX,2025-09-30 10:27:00,168.17,24621.7,-2763.75,78.96,-2842.71,StopLoss,42.98,Strategy_19,2025-09-29 12:31:00
2025-10-01 10:41:00,CE,False,BUY,NIFTY 24700 CE,24700,2025-10-14,Strategy_19,197.48,75,397.48,161.48,161.48,24.457412028306987,24676.7,395.75,30.6,0.0,POINTS,0.0,0.0,0.0,24676.7,24.457412028306987,0.0,36.0,False,RANGE,HIGH_VIX,2025-10-06 12:46:00,395.49,25018.65,14850.75,110.89,14739.86,Target,198.27,Strategy_19,2025-10-01 10:41:00
2025-10-07 12:06:00,CE,False,BUY,NIFTY 25150 CE,25150,2025-10-14,Strategy_19,154.47,75,354.47,118.47,118.47,20.267773645869305,25160.4,181.5,25.3,0.0,POINTS,0.0,0.0,0.0,25160.4,20.267773645869305,0.0,36.0,False,TREND,LOW_VIX,2025-10-07 15:07:00,117.88,25110.35,-2744.25,69.78,-2814.03,StopLoss,27.03,Strategy_19,2025-10-07 12:06:00
2025-10-08 11:46:00,CE,False,BUY,NIFTY 25050 CE,25050,2025-10-21,Strategy_19,188.79,65,388.78999999999996,152.79,152.79,20.563506943281528,25037.25,387.55,25.7,0.0,POINTS,0.0,0.0,0.0,25037.25,20.563506943281528,0.0,36.0,False,TREND,LOW_VIX,2025-10-10 10:57:00,386.85,25297.95,12873.9,101.92,12771.98,Target,198.76,Strategy_19,2025-10-08 11:46:00
2025-10-10 11:11:00,CE,False,BUY,NIFTY 25300 CE,25300,2025-10-21,Strategy_19,192.11,65,392.11,156.11,156.11,20.76840237925259,25288.05,216.0,26.0,0.0,POINTS,0.0,0.0,0.0,25288.05,20.76840237925259,0.0,36.0,False,TREND,LOW_VIX,2025-10-13 09:15:00,143.28,25213.5,-3173.95,71.36,-3245.31,GapDown_SL,23.89,Strategy_19,2025-10-10 11:11:00
2025-10-14 10:41:00,CE,False,BUY,NIFTY 25200 CE,25200,2025-10-21,Strategy_19,179.59,65,379.59000000000003,143.59,143.59,23.17735160241051,25223.15,188.5,29.0,0.0,POINTS,0.0,0.0,0.0,25223.15,23.17735160241051,0.0,36.0,False,RANGE,HIGH_VIX,2025-10-14 11:18:00,142.87,25145.45,-2386.8,71.01,-2457.81,StopLoss,8.91,Strategy_19,2025-10-14 10:41:00
2025-10-15 10:16:00,CE,False,BUY,NIFTY 25250 CE,25250,2025-10-28,Strategy_19,241.2,75,441.2,205.2,205.2,24.72940403290133,25254.8,440.5,30.9,0.0,POINTS,0.0,0.0,0.0,25254.8,24.72940403290133,0.0,36.0,False,NEUTRAL,HIGH_VIX,2025-10-16 13:45:00,438.99,25537.65,14834.25,118.64,14715.61,Target,199.3,Strategy_19,2025-10-15 10:16:00
2025-10-20 10:51:00,CE,False,BUY,NIFTY 25900 CE,25900,2025-10-28,Strategy_19,174.17,75,374.16999999999996,138.17,138.17,32.5935157642806,25884.65,178.15,40.7,0.0,POINTS,0.0,0.0,0.0,25884.65,32.5935157642806,0.0,36.0,False,NEUTRAL,HIGH_VIX,2025-10-20 14:21:00,137.48,25835.3,-2751.75,73.02,-2824.77,StopLoss,3.98,Strategy_19,2025-10-20 10:51:00
2025-10-23 11:51:00,CE,False,BUY,NIFTY 26050 CE,26050,2025-11-04,Strategy_19,281.4,75,481.4,245.39999999999998,245.39999999999998,18.380291551056438,26071.6,294.75,23.0,0.0,POINTS,0.0,0.0,0.0,26071.6,18.380291551056438,0.0,36.0,False,TREND,LOW_VIX,2025-10-23 13:32:00,244.17,26026.9,-2792.25,91.77,-2884.02,StopLoss,13.35,Strategy_19,2025-10-23 11:51:00
2025-10-24 11:21:00,CE,False,BUY,NIFTY 25800 CE,25800,2025-11-04,Strategy_19,249.89,75,449.89,213.89,213.89,24.74129367990857,25819.1,290.7,30.9,0.0,POINTS,0.0,0.0,0.0,25819.1,24.74129367990857,0.0,36.0,False,TREND,HIGH_VIX,2025-10-24 13:29:00,212.82,25771.5,-2780.25,86.78,-2867.03,StopLoss,40.81,Strategy_19,2025-10-24 11:21:00
2025-10-27 12:11:00,CE,False,BUY,NIFTY 26000 CE,26000,2025-11-04,Strategy_19,237.43,75,437.43,201.43,201.43,16.57504260681604,25992.95,243.9,20.7,0.0,POINTS,0.0,0.0,0.0,25992.95,16.57504260681604,0.0,36.0,False,TREND,LOW_VIX,2025-10-27 13:18:00,200.42,25941.5,-2775.75,85.0,-2860.75,StopLoss,6.47,Strategy_19,2025-10-27 12:11:00
2025-10-28 11:26:00,CE,False,BUY,NIFTY 25900 CE,25900,2025-11-04,Strategy_19,225.27,75,425.27,189.27,189.27,23.505277336327822,25883.65,253.9,29.4,0.0,POINTS,0.0,0.0,0.0,25883.65,23.505277336327822,0.0,36.0,False,TREND,HIGH_VIX,2025-10-28 14:06:00,188.32,25849.05,-2771.25,82.24,-2853.49,StopLoss,28.63,Strategy_19,2025-10-28 11:26:00
2025-10-30 10:16:00,CE,False,BUY,NIFTY 25950 CE,25950,2025-11-11,Strategy_19,252.66,75,452.65999999999997,216.66,216.66,24.945055884839885,25960.65,255.2,31.2,0.0,POINTS,0.0,0.0,0.0,25960.65,24.945055884839885,0.0,36.0,False,TREND,HIGH_VIX,2025-10-30 11:55:00,215.58,25908.65,-2781.0,86.96,-2867.96,StopLoss,2.54,Strategy_19,2025-10-30 10:16:00
2025-10-31 11:36:00,CE,False,BUY,NIFTY 25800 CE,25800,2025-11-11,Strategy_19,228.69,75,428.69,192.69,192.69,22.425553792854345,25796.7,244.95,28.0,0.0,POINTS,0.0,0.0,0.0,25796.7,22.425553792854345,0.0,36.0,False,TREND,HIGH_VIX,2025-11-03 09:15:00,175.12,25710.8,-4017.75,80.93,-4098.68,GapDown_SL,16.26,Strategy_19,2025-10-31 11:36:00
2025-11-04 10:11:00,CE,False,BUY,NIFTY 25700 CE,25700,2025-11-11,Strategy_19,178.89,75,378.89,142.89,142.89,20.31416825966566,25698.85,184.45,25.4,0.0,POINTS,0.0,0.0,0.0,25698.85,20.31416825966566,0.0,36.0,False,NEUTRAL,LOW_VIX,2025-11-04 13:20:00,142.18,25651.35,-2753.25,74.32,-2827.57,StopLoss,5.56,Strategy_19,2025-11-04 10:11:00
2025-11-06 11:01:00,CE,False,BUY,NIFTY 25550 CE,25550,2025-11-18,Strategy_19,248.24,75,448.24,212.24,212.24,20.678543583088462,25566.25,273.0,25.8,0.0,POINTS,0.0,0.0,0.0,25566.25,20.678543583088462,0.0,36.0,False,TREND,LOW_VIX,2025-11-06 13:53:00,211.18,25523.75,-2779.5,86.68,-2866.18,StopLoss,24.76,Strategy_19,2025-11-06 11:01:00
2025-11-10 10:21:00,CE,False,BUY,NIFTY 25600 CE,25600,2025-11-18,Strategy_19,198.39,75,398.39,162.39,162.39,24.056224953811128,25611.2,222.0,30.1,0.0,POINTS,0.0,0.0,0.0,25611.2,24.056224953811128,0.0,36.0,False,TREND,HIGH_VIX,2025-11-11 09:20:00,161.58,25526.6,-2760.75,77.55,-2838.3,StopLoss,23.61,Strategy_19,2025-11-10 10:21:00
2025-11-12 11:11:00,CE,False,BUY,NIFTY 25900 CE,25900,2025-11-25,Strategy_19,247.83,75,447.83000000000004,211.83,211.83,18.360535523560127,25880.55,278.65,23.0,0.0,POINTS,0.0,0.0,0.0,25880.55,18.360535523560127,0.0,36.0,False,TREND,LOW_VIX,2025-11-13 09:16:00,210.77,25846.2,-2779.5,86.65,-2866.15,StopLoss,30.82,Strategy_19,2025-11-12 11:11:00
2025-11-14 10:26:00,CE,False,BUY,NIFTY 25800 CE,25800,2025-11-25,Strategy_19,243.81,75,443.81,207.81,207.81,30.4767825033708,25784.4,355.95,38.1,0.0,POINTS,0.0,0.0,0.0,25784.4,30.4767825033708,0.0,36.0,False,TREND,HIGH_VIX,2025-11-19 09:15:00,206.77,25893.5,-2778.0,85.4,-2863.4,StopLoss,112.14,Strategy_19,2025-11-14 10:26:00
2025-11-20 10:26:00,CE,False,BUY,NIFTY 26100 CE,26100,2025-12-02,Strategy_19,252.41,75,452.40999999999997,216.41,216.41,17.097266340596363,26106.15,336.6,21.4,0.0,POINTS,0.0,0.0,0.0,26106.15,17.097266340596363,0.0,36.0,False,TREND,LOW_VIX,2025-11-21 09:15:00,215.33,26111.1,-2781.0,86.94,-2867.94,StopLoss,84.19,Strategy_19,2025-11-20 10:26:00
2025-11-24 11:36:00,CE,False,BUY,NIFTY 26100 CE,26100,2025-12-02,Strategy_19,229.84,75,429.84000000000003,193.84,193.84,14.622017997537409,26124.4,230.3,18.3,0.0,POINTS,0.0,0.0,0.0,26124.4,14.622017997537409,0.0,36.0,False,RANGE,LOW_VIX,2025-11-24 12:25:00,192.87,26068.35,-2772.75,83.52,-2856.27,StopLoss,0.46,Strategy_19,2025-11-24 11:36:00
2025-11-25 11:36:00,CE,False,BUY,NIFTY 25950 CE,25950,2025-12-02,Strategy_19,196.03,75,396.03,160.03,160.03,16.82871688949349,25966.0,228.3,21.0,0.0,POINTS,0.0,0.0,0.0,25966.0,16.82871688949349,0.0,36.0,False,NEUTRAL,LOW_VIX,2025-11-25 14:52:00,159.23,25939.65,-2760.0,77.4,-2837.4,StopLoss,32.27,Strategy_19,2025-11-25 11:36:00
2025-11-27 10:56:00,CE,False,BUY,NIFTY 26300 CE,26300,2025-12-09,Strategy_19,225.92,75,425.91999999999996,189.92,189.92,19.060034819780086,26291.5,232.0,23.8,0.0,POINTS,0.0,0.0,0.0,26291.5,19.060034819780086,0.0,36.0,False,NEUTRAL,LOW_VIX,2025-11-27 11:49:00,188.97,26238.0,-2771.25,82.28,-2853.53,StopLoss,6.08,Strategy_19,2025-11-27 10:56:00
2025-12-01 11:31:00,CE,False,BUY,NIFTY 26250 CE,26250,2025-12-09,Strategy_19,196.48,75,396.48,160.48,160.48,15.59101698414569,26248.45,199.6,19.5,0.0,POINTS,0.0,0.0,0.0,26248.45,15.59101698414569,0.0,36.0,False,NEUTRAL,LOW_VIX,2025-12-01 11:46:00,159.68,26187.3,-2760.0,77.43,-2837.43,StopLoss,3.12,Strategy_19,2025-12-01 11:31:00
2025-12-02 10:31:00,CE,False,BUY,NIFTY 26100 CE,26100,2025-12-09,Strategy_19,176.58,75,376.58000000000004,140.58,140.58,19.25351136967504,26077.9,183.0,24.1,0.0,POINTS,0.0,0.0,0.0,26077.9,19.25351136967504,0.0,36.0,False,TREND,LOW_VIX,2025-12-02 14:36:00,139.88,26016.1,-2752.5,74.17,-2826.67,StopLoss,6.42,Strategy_19,2025-12-02 10:31:00
2025-12-03 10:31:00,CE,False,BUY,NIFTY 25900 CE,25900,2025-12-16,Strategy_19,256.12,75,456.12,220.12,220.12,23.034602686178808,25922.95,355.0,28.8,0.0,POINTS,0.0,0.0,0.0,25922.95,23.034602686178808,0.0,36.0,False,TREND,HIGH_VIX,2025-12-08 13:32:00,219.02,25928.1,-2782.5,88.18,-2870.68,StopLoss,98.88,Strategy_19,2025-12-03 10:31:00
2025-12-09 10:16:00,CE,False,BUY,NIFTY 25800 CE,25800,2025-12-16,Strategy_19,179.49,75,379.49,143.49,143.49,27.313107338113774,25790.5,250.8,34.1,0.0,POINTS,0.0,0.0,0.0,25790.5,27.313107338113774,0.0,36.0,False,TREND,HIGH_VIX,2025-12-10 12:31:00,142.77,25794.2,-2754.0,74.36,-2828.36,StopLoss,71.31,Strategy_19,2025-12-09 10:16:00
2025-12-11 11:36:00,CE,False,BUY,NIFTY 25800 CE,25800,2025-12-23,Strategy_19,232.86,75,432.86,196.86,196.86,24.28634057251036,25820.05,334.95,30.4,0.0,POINTS,0.0,0.0,0.0,25820.05,24.28634057251036,0.0,36.0,False,RANGE,HIGH_VIX,2025-12-16 14:19:00,195.88,25860.4,-2773.5,83.71,-2857.21,StopLoss,102.09,Strategy_19,2025-12-11 11:36:00
2025-12-17 11:11:00,CE,False,BUY,NIFTY 25850 CE,25850,2025-12-30,Strategy_19,208.99,75,408.99,172.99,172.99,19.92928950023735,25832.25,229.1,24.9,0.0,POINTS,0.0,0.0,0.0,25832.25,19.92928950023735,0.0,36.0,False,RANGE,LOW_VIX,2025-12-18 09:15:00,172.13,25770.25,-2764.5,79.21,-2843.71,StopLoss,20.11,Strategy_19,2025-12-17 11:11:00
2025-12-19 10:51:00,CE,False,BUY,NIFTY 25950 CE,25950,2025-12-30,Strategy_19,195.32,75,395.32,159.32,159.32,18.71555962187966,25968.65,231.0,23.4,0.0,POINTS,0.0,0.0,0.0,25968.65,18.71555962187966,0.0,36.0,False,TREND,LOW_VIX,2025-12-19 11:44:00,158.52,25913.4,-2760.0,77.35,-2837.35,StopLoss,35.68,Strategy_19,2025-12-19 10:51:00
2025-12-22 11:56:00,CE,False,BUY,NIFTY 26150 CE,26150,2025-12-30,Strategy_19,155.78,75,355.78,119.78,119.78,11.635131302156605,26142.6,190.55,14.5,0.0,POINTS,0.0,0.0,0.0,26142.6,11.635131302156605,0.0,36.0,False,TREND,LOW_VIX,2025-12-24 09:15:00,119.18,26150.7,-2745.0,69.87,-2814.87,StopLoss,34.77,Strategy_19,2025-12-22 11:56:00
2025-12-26 10:21:00,CE,False,BUY,NIFTY 26100 CE,26100,2026-01-06,Strategy_19,159.79,65,359.78999999999996,123.78999999999999,123.78999999999999,16.320677616244858,26087.55,163.1,20.4,0.0,POINTS,0.0,0.0,0.0,26087.55,16.320677616244858,0.0,36.0,False,TREND,LOW_VIX,2025-12-29 09:37:00,123.17,26074.8,-2380.3,67.93,-2448.23,StopLoss,3.31,Strategy_19,2025-12-26 10:21:00
2025-12-31 10:21:00,CE,False,BUY,NIFTY 26000 CE,26000,2026-01-13,Strategy_19,213.31,65,413.31,177.31,177.31,20.08273201986258,26008.6,319.05,25.1,0.0,POINTS,0.0,0.0,0.0,26008.6,20.08273201986258,0.0,36.0,False,NEUTRAL,LOW_VIX,2026-01-07 12:43:00,176.42,26083.1,-2397.85,75.85,-2473.7,StopLoss,105.74,Strategy_19,2025-12-31 10:21:00
2026-01-12 10:11:00,CE,False,BUY,NIFTY 25550 CE,25550,2026-01-20,Strategy_19,220.75,65,420.75,184.75,184.75,32.368290534514124,25566.95,232.0,40.5,0.0,POINTS,0.0,0.0,0.0,25566.95,32.368290534514124,0.0,36.0,False,TREND,HIGH_VIX,2026-01-12 11:17:00,183.83,25511.7,-2399.8,77.25,-2477.05,StopLoss,11.25,Strategy_19,2026-01-12 10:11:00
2026-01-13 10:31:00,CE,False,BUY,NIFTY 25800 CE,25800,2026-01-20,Strategy_19,175.37,65,375.37,139.37,139.37,36.231926823828424,25804.6,183.95,45.3,0.0,POINTS,0.0,0.0,0.0,25804.6,36.231926823828424,0.0,36.0,False,NEUTRAL,HIGH_VIX,2026-01-13 12:01:00,138.67,25744.55,-2385.5,70.78,-2456.28,StopLoss,8.58,Strategy_19,2026-01-13 10:31:00
2026-01-14 10:56:00,CE,False,BUY,NIFTY 25700 CE,25700,2026-01-27,Strategy_19,225.77,65,425.77,189.77,189.77,30.623958977372666,25706.35,276.55,38.3,0.0,POINTS,0.0,0.0,0.0,25706.35,30.623958977372666,0.0,36.0,False,RANGE,HIGH_VIX,2026-01-14 13:45:00,188.82,25656.25,-2401.75,77.53,-2479.28,StopLoss,50.78,Strategy_19,2026-01-14 10:56:00
2026-01-19 10:26:00,CE,False,BUY,NIFTY 25550 CE,25550,2026-01-27,Strategy_19,171.35,65,371.35,135.35,135.35,28.526006031896788,25526.15,230.95,35.7,0.0,POINTS,0.0,0.0,0.0,25526.15,28.526006031896788,0.0,36.0,False,TREND,HIGH_VIX,2026-01-20 09:36:00,134.67,25470.0,-2384.2,69.56,-2453.76,StopLoss,59.6,Strategy_19,2026-01-19 10:26:00
2026-01-21 11:11:00,CE,False,BUY,NIFTY 25000 CE,25000,2026-02-03,Strategy_19,362.96,65,562.96,326.96,326.96,39.2769323554245,25017.2,558.0,49.1,0.0,POINTS,0.0,0.0,0.0,25017.2,39.2769323554245,0.0,36.0,False,TREND,HIGH_VIX,2026-01-22 09:28:00,560.15,25383.45,12817.35,128.42,12688.93,Target,195.04,Strategy_19,2026-01-21 11:11:00
2026-01-22 11:36:00,CE,False,BUY,NIFTY 25250 CE,25250,2026-02-03,Strategy_19,320.7,65,520.7,284.7,284.7,36.25918119490192,25252.75,322.1,45.3,0.0,POINTS,0.0,0.0,0.0,25252.75,36.25918119490192,0.0,36.0,False,NEUTRAL,HIGH_VIX,2026-01-22 11:48:00,283.28,25193.9,-2432.3,92.7,-2525.0,StopLoss,1.4,Strategy_19,2026-01-22 11:36:00
2026-01-23 10:41:00,CE,False,BUY,NIFTY 25300 CE,25300,2026-02-03,Strategy_19,304.41,65,504.41,268.41,268.41,30.536822102660764,25297.7,307.35,38.2,0.0,POINTS,0.0,0.0,0.0,25297.7,30.536822102660764,0.0,36.0,False,RANGE,HIGH_VIX,2026-01-23 11:39:00,267.07,25229.1,-2427.1,89.81,-2516.91,StopLoss,2.94,Strategy_19,2026-01-23 10:41:00
2026-01-27 11:31:00,CE,False,BUY,NIFTY 25100 CE,25100,2026-02-03,Strategy_19,313.86,65,513.86,277.86,277.86,41.273978869643614,25078.55,358.25,51.6,0.0,POINTS,0.0,0.0,0.0,25078.55,41.273978869643614,0.0,36.0,False,RANGE,HIGH_VIX,2026-01-27 13:40:00,276.47,25049.05,-2430.35,91.33,-2521.68,StopLoss,44.39,Strategy_19,2026-01-27 11:31:00
2026-01-28 11:01:00,CE,False,BUY,NIFTY 25300 CE,25300,2026-02-10,Strategy_19,326.47,65,526.47,290.47,290.47,31.336960133943336,25294.75,375.95,39.2,0.0,POINTS,0.0,0.0,0.0,25294.75,31.336960133943336,0.0,36.0,False,TREND,HIGH_VIX,2026-01-28 12:31:00,289.02,25274.65,-2434.25,93.01,-2527.26,StopLoss,49.48,Strategy_19,2026-01-28 11:01:00
2026-01-29 10:36:00,CE,False,BUY,NIFTY 25200 CE,25200,2026-02-10,Strategy_19,309.59,65,509.59,273.59,273.59,33.9669274215353,25205.0,415.0,42.5,0.0,POINTS,0.0,0.0,0.0,25205.0,33.9669274215353,0.0,36.0,False,TREND,HIGH_VIX,2026-02-02 09:15:00,189.1,24772.3,-7831.85,79.82,-7911.67,GapDown_SL,105.41,Strategy_19,2026-01-29 10:36:00
2026-02-03 11:36:00,CE,False,BUY,NIFTY 25850 CE,25850,2026-02-10,Strategy_19,229.49,65,429.49,193.49,193.49,47.835559904179796,25858.6,230.3,59.8,0.0,POINTS,0.0,0.0,0.0,25858.6,47.835559904179796,0.0,36.0,False,TREND,HIGH_VIX,2026-02-03 12:25:00,192.52,25804.0,-2403.05,78.73,-2481.78,StopLoss,0.81,Strategy_19,2026-02-03 11:36:00
2026-02-04 11:11:00,CE,False,BUY,NIFTY 25750 CE,25750,2026-02-17,Strategy_19,238.19,65,438.19,202.19,202.19,28.278175908044233,25727.1,291.75,35.3,0.0,POINTS,0.0,0.0,0.0,25727.1,28.278175908044233,0.0,36.0,False,TREND,HIGH_VIX,2026-02-05 09:21:00,201.18,25697.4,-2405.65,80.2,-2485.85,StopLoss,53.56,Strategy_19,2026-02-04 11:11:00
2026-02-06 10:26:00,CE,False,BUY,NIFTY 25550 CE,25550,2026-02-17,Strategy_19,200.65,65,400.65,164.65,164.65,26.708888676362122,25533.8,397.8500000000007,33.4,0.0,POINTS,0.0,0.0,0.0,25533.8,26.708888676362122,0.0,36.0,False,TREND,HIGH_VIX,2026-02-10 09:16:00,398.65,25931.0,12870.0,103.57,12766.43,Target,197.2,Strategy_19,2026-02-06 10:26:00
2026-02-10 10:36:00,CE,False,BUY,NIFTY 25950 CE,25950,2026-02-17,Strategy_19,175.12,65,375.12,139.12,139.12,16.811566204324787,25974.45,179.95,21.0,0.0,POINTS,0.0,0.0,0.0,25974.45,16.811566204324787,0.0,36.0,False,TREND,LOW_VIX,2026-02-10 13:30:00,138.42,25919.3,-2385.5,69.76,-2455.26,StopLoss,4.83,Strategy_19,2026-02-10 10:36:00
2026-02-11 10:26:00,CE,False,BUY,NIFTY 25950 CE,25950,2026-02-24,Strategy_19,227.23,65,427.23,191.23,191.23,23.009914291212024,25957.9,269.4,28.8,0.0,POINTS,0.0,0.0,0.0,25957.9,23.009914291212024,0.0,36.0,False,RANGE,HIGH_VIX,2026-02-11 12:42:00,190.27,25902.45,-2402.4,78.6,-2481.0,StopLoss,42.17,Strategy_19,2026-02-11 10:26:00
2026-02-12 10:06:00,CE,False,BUY,NIFTY 25850 CE,25850,2026-02-24,Strategy_19,221.25,65,421.25,185.25,185.25,19.546803528652987,25866.75,226.0,24.4,0.0,POINTS,0.0,0.0,0.0,25866.75,19.546803528652987,0.0,36.0,False,TREND,LOW_VIX,2026-02-12 14:46:00,184.32,25782.25,-2400.45,77.28,-2477.73,StopLoss,4.75,Strategy_19,2026-02-12 10:06:00
2026-02-13 10:31:00,CE,False,BUY,NIFTY 25550 CE,25550,2026-02-24,Strategy_19,221.2,65,421.2,185.2,185.2,27.176131486522234,25556.35,238.7,34.0,0.0,POINTS,0.0,0.0,0.0,25556.35,27.176131486522234,0.0,36.0,False,TREND,HIGH_VIX,2026-02-13 15:12:00,184.27,25478.4,-2400.45,77.28,-2477.73,StopLoss,17.5,Strategy_19,2026-02-13 10:31:00
2026-02-16 11:16:00,CE,False,BUY,NIFTY 25550 CE,25550,2026-02-24,Strategy_19,194.37,65,394.37,158.37,158.37,23.095661744309766,25535.55,360.0,28.9,0.0,POINTS,0.0,0.0,0.0,25535.55,23.095661744309766,0.0,36.0,False,RANGE,HIGH_VIX,2026-02-19 13:52:00,157.58,25573.6,-2391.35,72.81,-2464.16,StopLoss,165.63,Strategy_19,2026-02-16 11:16:00
2026-02-23 12:11:00,CE,False,BUY,NIFTY 25650 CE,25650,2026-03-02,Strategy_19,219.09,65,419.09000000000003,183.09,183.09,22.656515089426627,25656.15,246.85,28.3,0.0,POINTS,0.0,0.0,0.0,25656.15,22.656515089426627,0.0,36.0,False,RANGE,HIGH_VIX,2026-02-24 09:15:00,182.17,25596.25,-2399.8,77.16,-2476.96,StopLoss,27.76,Strategy_19,2026-02-23 12:11:00
2026-02-26 11:26:00,CE,False,BUY,NIFTY 25550 CE,25550,2026-03-10,Strategy_19,258.18,65,458.18,222.18,222.18,23.161274512417975,25562.25,263.85,29.0,0.0,POINTS,0.0,0.0,0.0,25562.25,23.161274512417975,0.0,36.0,False,RANGE,HIGH_VIX,2026-02-26 11:40:00,221.07,25479.9,-2412.15,83.29,-2495.44,StopLoss,5.67,Strategy_19,2026-02-26 11:26:00
2026-02-27 10:31:00,CE,False,BUY,NIFTY 25300 CE,25300,2026-03-10,Strategy_19,261.95,65,461.95,225.95,225.95,25.616752584052104,25319.9,292.25,32.0,0.0,POINTS,0.0,0.0,0.0,25319.9,25.616752584052104,0.0,36.0,False,TREND,HIGH_VIX,2026-02-27 12:57:00,224.82,25274.95,-2413.45,83.5,-2496.95,StopLoss,30.3,Strategy_19,2026-02-27 10:31:00
2026-03-02 11:01:00,CE,False,BUY,NIFTY 24850 CE,24850,2026-03-10,Strategy_19,284.92,65,484.92,248.92000000000002,248.92000000000002,43.510463784331876,24850.25,297.7,54.4,0.0,POINTS,0.0,0.0,0.0,24850.25,43.510463784331876,0.0,36.0,False,TREND,HIGH_VIX,2026-03-02 11:53:00,247.68,24795.1,-2420.6,86.75,-2507.35,StopLoss,12.78,Strategy_19,2026-03-02 11:01:00
2026-03-04 10:21:00,CE,False,BUY,NIFTY 24400 CE,24400,2026-03-17,Strategy_19,453.51,65,653.51,417.51,417.51,60.10948931011535,24402.75,481.35,75.1,0.0,POINTS,0.0,0.0,0.0,24402.75,60.10948931011535,0.0,36.0,False,TREND,HIGH_VIX,2026-03-04 12:43:00,415.42,24375.85,-2475.85,112.94,-2588.79,StopLoss,27.84,Strategy_19,2026-03-04 10:21:00
2026-03-05 12:21:00,CE,False,BUY,NIFTY 24600 CE,24600,2026-03-17,Strategy_19,371.2,65,571.2,335.2,335.2,29.492527355073403,24620.3,400.95,36.9,0.0,POINTS,0.0,0.0,0.0,24620.3,29.492527355073403,0.0,36.0,False,RANGE,HIGH_VIX,2026-03-05 13:47:00,333.52,24624.85,-2449.2,100.45,-2549.65,StopLoss,29.75,Strategy_19,2026-03-05 12:21:00
2026-03-06 10:21:00,CE,False,BUY,NIFTY 24650 CE,24650,2026-03-17,Strategy_19,359.24,65,559.24,323.24,323.24,38.75985042266417,24667.85,363.15,48.4,0.0,POINTS,0.0,0.0,0.0,24667.85,38.75985042266417,0.0,36.0,False,RANGE,HIGH_VIX,2026-03-06 10:49:00,321.62,24586.5,-2445.3,97.8,-2543.1,StopLoss,3.91,Strategy_19,2026-03-06 10:21:00
2026-03-09 10:01:00,CE,False,BUY,NIFTY 23750 CE,23750,2026-03-17,Strategy_19,483.76,65,683.76,447.76,447.76,63.39122608480667,23769.0,582.65,79.2,0.0,POINTS,0.0,0.0,0.0,23769.0,63.39122608480667,0.0,36.0,False,TREND,HIGH_VIX,2026-03-10 09:15:00,735.96,24195.8,16393.0,153.52,16239.48,GapUp_Target,98.89,Strategy_19,2026-03-09 10:01:00
2026-03-10 10:41:00,CE,False,BUY,NIFTY 24200 CE,24200,2026-03-17,Strategy_19,333.66,65,533.6600000000001,297.66,297.66,45.14884190931302,24204.7,347.95,56.4,0.0,POINTS,0.0,0.0,0.0,24204.7,45.14884190931302,0.0,36.0,False,TREND,HIGH_VIX,2026-03-10 12:15:00,296.17,24176.9,-2436.85,94.4,-2531.25,StopLoss,14.29,Strategy_19,2026-03-10 10:41:00
2026-03-11 11:01:00,CE,False,BUY,NIFTY 24100 CE,24100,2026-03-24,Strategy_19,413.91,65,613.9100000000001,377.91,377.91,31.69755432271142,24094.65,420.55,39.6,0.0,POINTS,0.0,0.0,0.0,24094.65,31.69755432271142,0.0,36.0,False,TREND,HIGH_VIX,2026-03-11 11:52:00,376.02,23975.7,-2462.85,106.78,-2569.63,StopLoss,6.64,Strategy_19,2026-03-11 11:01:00
2026-03-13 10:36:00,CE,False,BUY,NIFTY 23300 CE,23300,2026-03-24,Strategy_19,442.55,65,642.55,406.55,406.55,40.02221066401902,23323.3,482.35,50.0,0.0,POINTS,0.0,0.0,0.0,23323.3,40.02221066401902,0.0,36.0,False,TREND,HIGH_VIX,2026-03-13 12:23:00,404.52,23273.3,-2471.95,110.34,-2582.29,StopLoss,39.8,Strategy_19,2026-03-13 10:36:00
2026-03-16 11:11:00,CE,False,BUY,NIFTY 23100 CE,23100,2026-03-24,Strategy_19,385.02,65,585.02,349.02,349.02,45.93922872439991,23078.95,495.2,57.4,0.0,POINTS,0.0,0.0,0.0,23078.95,45.93922872439991,0.0,36.0,False,TREND,HIGH_VIX,2026-03-17 09:15:00,589.18,23400.75,13270.4,131.81,13138.59,GapUp_Target,110.18,Strategy_19,2026-03-16 11:11:00
2026-03-17 12:11:00,CE,False,BUY,NIFTY 23450 CE,23450,2026-03-24,Strategy_19,277.33,65,477.33,241.32999999999998,241.32999999999998,37.569930341359424,23432.5,475.1,47.0,0.0,POINTS,0.0,0.0,0.0,23432.5,37.569930341359424,0.0,36.0,False,NEUTRAL,HIGH_VIX,2026-03-18 11:40:00,474.94,23817.3,12844.65,114.75,12729.9,Target,197.77,Strategy_19,2026-03-17 12:11:00
2026-03-19 10:26:00,CE,False,BUY,NIFTY 23250 CE,23250,2026-03-30,Strategy_19,361.8,65,561.8,325.8,325.8,46.56434659170191,23266.9,380.8,58.2,0.0,POINTS,0.0,0.0,0.0,23266.9,46.56434659170191,0.0,36.0,False,TREND,HIGH_VIX,2026-03-19 13:14:00,324.17,23200.25,-2445.95,98.94,-2544.89,StopLoss,19.0,Strategy_19,2026-03-19 10:26:00
2026-03-20 10:41:00,CE,False,BUY,NIFTY 23300 CE,23300,2026-03-30,Strategy_19,365.22,65,565.22,329.22,329.22,39.02771788505848,23288.85,395.9,48.8,0.0,POINTS,0.0,0.0,0.0,23288.85,39.02771788505848,0.0,36.0,False,TREND,HIGH_VIX,2026-03-20 11:57:00,327.57,23224.6,-2447.25,99.12,-2546.37,StopLoss,30.68,Strategy_19,2026-03-20 10:41:00
2026-03-23 10:41:00,CE,False,BUY,NIFTY 22550 CE,22550,2026-03-30,Strategy_19,426.07,65,626.0699999999999,390.07,390.07,45.524567089627624,22539.2,476.65,56.9,0.0,POINTS,0.0,0.0,0.0,22539.2,45.524567089627624,0.0,36.0,False,TREND,HIGH_VIX,2026-03-23 15:06:00,388.12,22494.1,-2466.75,108.44,-2575.19,StopLoss,50.58,Strategy_19,2026-03-23 10:41:00
2026-03-24 11:21:00,CE,False,BUY,NIFTY 22750 CE,22750,2026-03-30,Strategy_19,339.04,65,539.04,303.04,303.04,49.048033958659346,22742.3,532.25,61.3,0.0,POINTS,0.0,0.0,0.0,22742.3,49.048033958659346,0.0,36.0,False,RANGE,HIGH_VIX,2026-03-25 09:16:00,536.34,23155.45,12824.5,124.11,12700.39,Target,193.21,Strategy_19,2026-03-24 11:21:00
2026-03-30 11:36:00,CE,False,BUY,NIFTY 22500 CE,22500,2026-04-07,Strategy_19,448.93,65,648.9300000000001,412.93,412.93,38.17444029994131,22517.55,458.35,47.7,0.0,POINTS,0.0,0.0,0.0,22517.55,38.17444029994131,0.0,36.0,False,TREND,HIGH_VIX,2026-03-30 11:52:00,410.87,22459.2,-2473.9,111.69,-2585.59,StopLoss,9.42,Strategy_19,2026-03-30 11:36:00
2026-04-01 11:36:00,CE,False,BUY,NIFTY 22800 CE,22800,2026-04-13,Strategy_19,486.42,65,686.4200000000001,450.42,450.42,36.22695458419271,22796.7,529.0,45.3,0.0,POINTS,0.0,0.0,0.0,22796.7,36.22695458419271,0.0,36.0,False,NEUTRAL,HIGH_VIX,2026-04-01 13:31:00,448.17,22773.0,-2486.25,117.73,-2603.98,StopLoss,42.58,Strategy_19,2026-04-01 11:36:00
2026-04-06 10:21:00,CE,False,BUY,NIFTY 22650 CE,22650,2026-04-13,Strategy_19,415.37,65,615.37,379.37,379.37,55.61230350152733,22646.5,423.0,69.5,0.0,POINTS,0.0,0.0,0.0,22646.5,55.61230350152733,0.0,36.0,False,NEUTRAL,HIGH_VIX,2026-04-06 11:05:00,377.47,22593.5,-2463.5,106.86,-2570.36,StopLoss,7.63,Strategy_19,2026-04-06 10:21:00
2026-04-07 11:31:00,CE,False,BUY,NIFTY 22950 CE,22950,2026-04-13,Strategy_19,352.25,65,552.25,316.25,316.25,43.89932598405211,22943.4,432.9,54.9,0.0,POINTS,0.0,0.0,0.0,22943.4,43.89932598405211,0.0,36.0,False,RANGE,HIGH_VIX,2026-04-08 09:15:00,1044.75,23844.2,45012.5,188.36,44824.14,GapUp_Target,80.65,Strategy_19,2026-04-07 11:31:00
2026-04-09 10:26:00,CE,False,BUY,NIFTY 23850 CE,23850,2026-04-21,Strategy_19,372.45,65,572.45,336.45,336.45,40.57993955622436,23854.0,395.0,50.7,0.0,POINTS,0.0,0.0,0.0,23854.0,40.57993955622436,0.0,36.0,False,TREND,HIGH_VIX,2026-04-09 13:21:00,334.77,23774.5,-2449.2,100.52,-2549.72,StopLoss,22.55,Strategy_19,2026-04-09 10:26:00
2026-04-13 10:16:00,CE,False,BUY,NIFTY 23650 CE,23650,2026-04-21,Strategy_19,315.42,65,515.4200000000001,279.42,279.42,42.142923543311994,23646.15,426.65,52.7,0.0,POINTS,0.0,0.0,0.0,23646.15,42.142923543311994,0.0,36.0,False,TREND,HIGH_VIX,2026-04-15 09:15:00,645.51,24232.9,21455.85,137.45,21318.4,GapUp_Target,111.23,Strategy_19,2026-04-13 10:16:00
2026-04-15 11:56:00,CE,False,BUY,NIFTY 24200 CE,24200,2026-04-28,Strategy_19,361.45,65,561.45,325.45,325.45,23.97185948367792,24221.0,428.5,30.0,0.0,POINTS,0.0,0.0,0.0,24221.0,23.97185948367792,0.0,36.0,False,TREND,HIGH_VIX,2026-04-16 11:47:00,323.82,24224.15,-2445.95,98.92,-2544.87,StopLoss,67.05,Strategy_19,2026-04-15 11:56:00
2026-04-17 11:26:00,CE,False,BUY,NIFTY 24300 CE,24300,2026-04-28,Strategy_19,286.88,65,486.88,250.88,250.88,22.49617551580137,24278.3,463.5,28.1,0.0,POINTS,0.0,0.0,0.0,24278.3,22.49617551580137,0.0,36.0,False,RANGE,HIGH_VIX,2026-04-23 09:15:00,164.08,24153.95,-7982.0,76.52,-8058.52,GapDown_SL,176.62,Strategy_19,2026-04-17 11:26:00
2026-04-24 12:11:00,CE,False,BUY,NIFTY 23950 CE,23950,2026-05-05,Strategy_19,323.66,65,523.6600000000001,287.66,287.66,20.17844632711561,23925.85,351.25,25.2,0.0,POINTS,0.0,0.0,0.0,23925.85,20.17844632711561,0.0,36.0,False,TREND,LOW_VIX,2026-04-24 13:34:00,286.22,23855.55,-2433.6,92.86,-2526.46,StopLoss,27.59,Strategy_19,2026-04-24 12:11:00
2026-04-27 12:11:00,CE,False,BUY,NIFTY 24050 CE,24050,2026-05-05,Strategy_19,275.72,65,475.72,239.72000000000003,239.72000000000003,27.092922542800267,24040.55,314.5,33.9,0.0,POINTS,0.0,0.0,0.0,24040.55,27.092922542800267,0.0,36.0,False,RANGE,HIGH_VIX,2026-04-28 09:15:00,238.52,24034.3,-2418.0,85.25,-2503.25,StopLoss,38.78,Strategy_19,2026-04-27 12:11:00
2026-04-29 14:46:00,CE,False,BUY,NIFTY 24200 CE,24200,2026-05-12,Strategy_19,333.06,65,533.06,297.06,297.06,23.10945790872449,24222.95,333.06,28.9,0.0,POINTS,0.0,0.0,0.0,24222.95,23.10945790872449,0.0,36.0,False,TREND,HIGH_VIX,2026-04-29 15:24:00,295.57,24160.8,-2436.85,94.37,-2531.22,StopLoss,0.0,Strategy_19,2026-04-29 14:46:00
2026-05-04 11:21:00,CE,False,BUY,NIFTY 24250 CE,24250,2026-05-12,Strategy_19,277.63,65,477.63,241.63,241.63,32.902186915001195,24231.65,281.2,41.1,0.0,POINTS,0.0,0.0,0.0,24231.65,32.902186915001195,0.0,36.0,False,NEUTRAL,HIGH_VIX,2026-05-04 12:11:00,240.42,24153.1,-2418.65,85.35,-2504.0,StopLoss,3.57,Strategy_19,2026-05-04 11:21:00
2026-05-05 11:16:00,CE,False,BUY,NIFTY 23950 CE,23950,2026-05-12,Strategy_19,247.23,65,447.23,211.23,211.23,30.29716029843527,23953.75,248.7,37.9,0.0,POINTS,0.0,0.0,0.0,23953.75,30.29716029843527,0.0,36.0,False,TREND,HIGH_VIX,2026-05-05 11:58:00,210.17,23883.8,-2408.9,80.69,-2489.59,StopLoss,1.47,Strategy_19,2026-05-05 11:16:00
2026-05-06 11:36:00,CE,False,BUY,NIFTY 24100 CE,24100,2026-05-19,Strategy_19,321.65,65,521.65,285.65,285.65,23.97928859497656,24092.15,334.0,30.0,0.0,POINTS,0.0,0.0,0.0,24092.15,23.97928859497656,0.0,36.0,False,RANGE,HIGH_VIX,2026-05-06 12:44:00,284.22,24022.3,-2432.95,92.75,-2525.7,StopLoss,12.35,Strategy_19,2026-05-06 11:36:00
2026-05-11 10:31:00,CE,False,BUY,NIFTY 23850 CE,23850,2026-05-19,Strategy_19,296.93,65,496.93,260.93,260.93,33.70520816866348,23864.95,356.4,42.1,0.0,POINTS,0.0,0.0,0.0,23864.95,33.70520816866348,0.0,36.0,False,TREND,HIGH_VIX,2026-05-11 15:04:00,259.63,23830.7,-2424.5,88.4,-2512.9,StopLoss,59.47,Strategy_19,2026-05-11 10:31:00
2026-05-13 11:41:00,CE,False,BUY,NIFTY 23450 CE,23450,2026-05-26,Strategy_19,387.53,65,587.53,351.53,351.53,35.612317403996066,23474.7,407.65,44.5,0.0,POINTS,0.0,0.0,0.0,23474.7,35.612317403996066,0.0,36.0,False,RANGE,HIGH_VIX,2026-05-13 12:41:00,349.77,23424.3,-2454.4,102.34,-2556.74,StopLoss,20.12,Strategy_19,2026-05-13 11:41:00
2026-05-14 10:31:00,CE,False,BUY,NIFTY 23500 CE,23500,2026-05-26,Strategy_19,334.21,65,534.21,298.21,298.21,34.40095985034031,23510.2,347.1,43.0,0.0,POINTS,0.0,0.0,0.0,23510.2,34.40095985034031,0.0,36.0,False,RANGE,HIGH_VIX,2026-05-14 10:49:00,296.72,23437.2,-2436.85,94.43,-2531.28,StopLoss,12.89,Strategy_19,2026-05-14 10:31:00
2026-05-15 12:06:00,CE,False,BUY,NIFTY 23750 CE,23750,2026-05-26,Strategy_19,301.5,65,501.5,265.5,265.5,26.578861419785678,23757.5,315.1,33.2,0.0,POINTS,0.0,0.0,0.0,23757.5,26.578861419785678,0.0,36.0,False,TREND,HIGH_VIX,2026-05-15 13:48:00,264.17,23705.6,-2426.45,89.65,-2516.1,StopLoss,13.6,Strategy_19,2026-05-15 12:06:00
2026-05-18 10:11:00,CE,False,BUY,NIFTY 23350 CE,23350,2026-05-26,Strategy_19,304.36,65,504.36,268.36,268.36,37.167502680376906,23356.15,492.9,46.5,0.0,POINTS,0.0,0.0,0.0,23356.15,37.167502680376906,0.0,36.0,False,TREND,HIGH_VIX,2026-05-19 09:16:00,501.84,23727.4,12836.2,119.22,12716.98,Target,188.54,Strategy_19,2026-05-18 10:11:00
2026-05-19 10:21:00,CE,False,BUY,NIFTY 23750 CE,23750,2026-05-26,Strategy_19,224.12,65,424.12,188.12,188.12,37.88905879791582,23735.1,242.0,47.4,0.0,POINTS,0.0,0.0,0.0,23735.1,37.88905879791582,0.0,36.0,False,TREND,HIGH_VIX,2026-05-19 11:39:00,187.18,23724.15,-2401.1,77.44,-2478.54,StopLoss,17.88,Strategy_19,2026-05-19 10:21:00
2026-05-21 11:36:00,CE,False,BUY,NIFTY 23750 CE,23750,2026-06-02,Strategy_19,274.01,65,474.01,238.01,238.01,29.852540363839715,23731.0,278.1,37.3,0.0,POINTS,0.0,0.0,0.0,23731.0,29.852540363839715,0.0,36.0,False,NEUTRAL,HIGH_VIX,2026-05-21 12:27:00,236.82,23654.55,-2417.35,85.15,-2502.5,StopLoss,4.09,Strategy_19,2026-05-21 11:36:00
2026-05-26 10:26:00,CE,False,BUY,NIFTY 24050 CE,24050,2026-06-02,Strategy_19,212.26,65,412.26,176.26,176.26,21.73346766009342,24071.55,217.75,27.2,0.0,POINTS,0.0,0.0,0.0,24071.55,21.73346766009342,0.0,36.0,False,RANGE,HIGH_VIX,2026-05-26 12:45:00,175.38,23998.6,-2397.2,75.79,-2472.99,StopLoss,5.49,Strategy_19,2026-05-26 10:26:00
2026-05-29 11:56:00,CE,False,BUY,NIFTY 23900 CE,23900,2026-06-09,Strategy_19,267.53,65,467.53,231.52999999999997,231.52999999999997,19.39513683482397,23899.1,267.53,24.2,0.0,POINTS,0.0,0.0,0.0,23899.1,19.39513683482397,0.0,36.0,False,RANGE,LOW_VIX,2026-05-29 12:13:00,230.37,23831.05,-2415.4,83.8,-2499.2,StopLoss,0.0,Strategy_19,2026-05-29 11:56:00
2026-06-01 10:51:00,CE,False,BUY,NIFTY 23550 CE,23550,2026-06-09,Strategy_19,268.39,65,468.39,232.39,232.39,35.314122355655236,23571.15,294.75,44.1,0.0,POINTS,0.0,0.0,0.0,23571.15,35.314122355655236,0.0,36.0,False,NEUTRAL,HIGH_VIX,2026-06-01 11:59:00,231.23,23493.75,-2415.4,84.85,-2500.25,StopLoss,26.36,Strategy_19,2026-06-01 10:51:00
2026-06-02 11:26:00,CE,False,BUY,NIFTY 23350 CE,23350,2026-06-09,Strategy_19,226.18,65,426.18,190.18,190.18,29.69129589571304,23348.45,226.4,37.1,0.0,POINTS,0.0,0.0,0.0,23348.45,29.69129589571304,0.0,36.0,False,TREND,HIGH_VIX,2026-06-02 12:29:00,189.23,23274.75,-2401.75,77.55,-2479.3,StopLoss,0.22,Strategy_19,2026-06-02 11:26:00
2026-06-03 10:21:00,CE,False,BUY,NIFTY 23250 CE,23250,2026-06-16,Strategy_19,323.31,65,523.31,287.31,287.31,38.82289170086433,23271.1,329.85,48.5,0.0,POINTS,0.0,0.0,0.0,23271.1,38.82289170086433,0.0,36.0,False,TREND,HIGH_VIX,2026-06-03 11:24:00,285.87,23224.8,-2433.6,92.84,-2526.44,StopLoss,6.54,Strategy_19,2026-06-03 10:21:00
2026-06-04 11:01:00,CE,False,BUY,NIFTY 23450 CE,23450,2026-06-16,Strategy_19,289.34,65,489.34,253.33999999999997,253.33999999999997,30.492027910173633,23427.75,289.34,38.1,0.0,POINTS,0.0,0.0,0.0,23427.75,30.492027910173633,0.0,36.0,False,RANGE,HIGH_VIX,2026-06-04 11:31:00,252.07,23369.85,-2422.55,87.99,-2510.54,StopLoss,0.0,Strategy_19,2026-06-04 11:01:00
2026-06-05 11:11:00,CE,False,BUY,NIFTY 23450 CE,23450,2026-06-16,Strategy_19,292.45,65,492.45,256.45,256.45,36.84611534511624,23466.0,293.2,46.1,0.0,POINTS,0.0,0.0,0.0,23466.0,36.84611534511624,0.0,36.0,False,TREND,HIGH_VIX,2026-06-05 11:21:00,255.17,23404.55,-2423.2,88.16,-2511.36,StopLoss,0.75,Strategy_19,2026-06-05 11:11:00
2026-06-08 10:06:00,CE,False,BUY,NIFTY 23150 CE,23150,2026-06-16,Strategy_19,282.66,65,482.66,246.66000000000003,246.66000000000003,42.131999390034096,23160.3,344.3,52.7,0.0,POINTS,0.0,0.0,0.0,23160.3,42.131999390034096,0.0,36.0,False,TREND,HIGH_VIX,2026-06-08 14:49:00,245.43,23174.85,-2419.95,86.63,-2506.58,StopLoss,61.64,Strategy_19,2026-06-08 10:06:00
2026-06-09 11:11:00,CE,False,BUY,NIFTY 23150 CE,23150,2026-06-16,Strategy_19,222.56,65,422.56,186.56,186.56,22.206233842217365,23146.05,369.9,27.8,0.0,POINTS,0.0,0.0,0.0,23146.05,22.206233842217365,0.0,36.0,False,RANGE,HIGH_VIX,2026-06-11 09:15:00,178.1,23104.5,-2889.9,76.14,-2966.04,GapDown_SL,147.34,Strategy_19,2026-06-09 11:11:00
2026-06-12 11:16:00,CE,False,BUY,NIFTY 23400 CE,23400,2026-06-23,Strategy_19,220.8,65,420.8,184.8,184.8,23.637651789197083,23378.1,226.6,29.5,0.0,POINTS,0.0,0.0,0.0,23378.1,23.637651789197083,0.0,36.0,False,RANGE,HIGH_VIX,2026-06-12 12:45:00,183.88,23319.85,-2399.8,77.25,-2477.05,StopLoss,5.8,Strategy_19,2026-06-12 11:16:00
2026-06-15 10:56:00,CE,False,BUY,NIFTY 24000 CE,24000,2026-06-23,Strategy_19,200.3,65,400.3,164.3,164.3,25.482970418181207,24000.55,202.0,31.9,0.0,POINTS,0.0,0.0,0.0,24000.55,25.482970418181207,0.0,36.0,False,TREND,HIGH_VIX,2026-06-15 12:16:00,163.48,23911.5,-2393.3,74.14,-2467.44,StopLoss,1.7,Strategy_19,2026-06-15 10:56:00
2026-06-16 10:26:00,CE,False,BUY,NIFTY 23950 CE,23950,2026-06-23,Strategy_19,167.84,65,367.84000000000003,131.84,131.84,23.79783600975032,23943.3,314.55,29.7,0.0,POINTS,0.0,0.0,0.0,23943.3,23.79783600975032,0.0,36.0,False,RANGE,HIGH_VIX,2026-06-19 09:30:00,131.18,23946.1,-2382.9,69.37,-2452.27,StopLoss,146.71,Strategy_19,2026-06-16 10:26:00
2026-06-22 10:56:00,CE,False,BUY,NIFTY 24150 CE,24150,2026-06-30,Strategy_19,176.48,65,376.48,140.48,140.48,18.980515964531254,24161.0,178.3,23.7,0.0,POINTS,0.0,0.0,0.0,24161.0,18.980515964531254,0.0,36.0,False,TREND,LOW_VIX,2026-06-22 12:04:00,139.78,24124.15,-2385.5,70.84,-2456.34,StopLoss,1.82,Strategy_19,2026-06-22 10:56:00
2026-06-23 11:21:00,CE,False,BUY,NIFTY 24150 CE,24150,2026-06-30,Strategy_19,131.91,65,331.90999999999997,95.91,95.91,14.482708368019935,24126.9,131.91,18.1,0.0,POINTS,0.0,0.0,0.0,24126.9,14.482708368019935,0.0,36.0,False,RANGE,LOW_VIX,2026-06-23 11:55:00,95.43,23995.25,-2371.2,63.41,-2434.61,StopLoss,0.0,Strategy_19,2026-06-23 11:21:00
2026-07-02 12:01:00,CE,False,BUY,NIFTY 24100 CE,24100,2026-07-14,Strategy_19,220.15,65,420.15,184.15,184.15,16.88342610256619,24097.3,420.07500000000107,21.1,0.0,POINTS,0.0,0.0,0.0,24097.3,16.88342610256619,0.0,36.0,False,RANGE,LOW_VIX,2026-07-07 10:21:00,418.05,24498.95,12863.5,106.63,12756.87,Target,199.93,Strategy_19,2026-07-02 12:01:00
2026-07-10 12:06:00,CE,False,BUY,NIFTY 24200 CE,24200,2026-07-21,Strategy_19,191.85,65,391.85,155.85,155.85,17.13095318164512,24178.15,216.25,21.4,0.0,POINTS,0.0,0.0,0.0,24178.15,17.13095318164512,0.0,36.0,False,RANGE,LOW_VIX,2026-07-13 09:15:00,139.3,24021.55,-3415.75,71.25,-3487.0,GapDown_SL,24.4,Strategy_19,2026-07-10 12:06:00
2026-07-14 10:16:00,CE,False,BUY,NIFTY 24100 CE,24100,2026-07-21,Strategy_19,165.72,65,365.72,129.72,129.72,25.389257015465837,24080.65,187.0,31.7,0.0,POINTS,0.0,0.0,0.0,24080.65,25.389257015465837,0.0,36.0,False,TREND,HIGH_VIX,2026-07-14 14:47:00,129.07,24028.55,-2382.25,69.25,-2451.5,StopLoss,21.28,Strategy_19,2026-07-14 10:16:00
2026-07-15 11:41:00,CE,False,BUY,NIFTY 24200 CE,24200,2026-07-28,Strategy_19,226.12,65,426.12,190.12,190.12,18.6279571972672,24185.75,226.12,23.3,0.0,POINTS,0.0,0.0,0.0,24185.75,18.6279571972672,0.0,36.0,False,NEUTRAL,LOW_VIX,2026-07-15 12:54:00,189.17,24125.95,-2401.75,77.54,-2479.29,StopLoss,0.0,Strategy_19,2026-07-15 11:41:00
2026-07-16 12:36:00,CE,False,BUY,NIFTY 24150 CE,24150,2026-07-28,Strategy_19,217.18,65,417.18,181.18,181.18,16.027468541336223,24142.05,219.05,20.0,0.0,POINTS,0.0,0.0,0.0,24142.05,16.027468541336223,0.0,36.0,False,RANGE,LOW_VIX,2026-07-16 13:30:00,180.27,24091.55,-2399.15,77.06,-2476.21,StopLoss,1.87,Strategy_19,2026-07-16 12:36:00
2026-07-20 10:16:00,CE,False,BUY,NIFTY 24200 CE,24200,2026-07-28,Strategy_19,189.94,65,389.94,153.94,153.94,26.97981626571864,24214.45,199.9,33.7,0.0,POINTS,0.0,0.0,0.0,24214.45,26.97981626571864,0.0,36.0,False,TREND,HIGH_VIX,2026-07-20 12:47:00,153.17,24140.95,-2390.05,72.57,-2462.62,StopLoss,9.96,Strategy_19,2026-07-20 10:16:00
2026-07-21 11:06:00,CE,False,BUY,NIFTY 24200 CE,24200,2026-07-28,Strategy_19,158.49,65,358.49,122.49000000000001,122.49000000000001,17.417636127772806,24189.25,159.25,21.8,0.0,POINTS,0.0,0.0,0.0,24189.25,17.417636127772806,0.0,36.0,False,TREND,LOW_VIX,2026-07-22 09:15:00,121.88,24093.2,-2379.65,67.86,-2447.51,StopLoss,0.76,Strategy_19,2026-07-21 11:06:00
2026-07-24 10:41:00,CE,False,BUY,NIFTY 23650 CE,23650,2026-08-04,Strategy_19,247.18,65,447.18,211.18,211.18,26.366753054137604,23632.85,251.7,33.0,0.0,POINTS,0.0,0.0,0.0,23632.85,26.366753054137604,0.0,36.0,False,TREND,HIGH_VIX,2026-07-24 11:00:00,210.12,23624.15,-2408.9,80.69,-2489.59,StopLoss,4.52,Strategy_19,2026-07-24 10:41:00
2026-07-27 11:21:00,CE,False,BUY,NIFTY 23950 CE,23950,2026-08-04,Strategy_19,186.38,65,386.38,150.38,150.38,20.88909906043009,23944.75,225.0,26.1,0.0,POINTS,0.0,0.0,0.0,23944.75,20.88909906043009,0.0,36.0,False,TREND,HIGH_VIX,2026-07-28 15:29:00,202.43,23987.8,1043.25,78.82,964.43,End_Of_Simulation,38.62,Strategy_19,2026-07-27 11:21:00
