Symbol,Vol Probability (%),Vol Selection Score (%),Dir Probability (%),Target Direction,Action,Vol Model,Dir Model,Vol Test Precision,Verdict
VBL,83.4,83.4,83.4,BULLISH (BUY),BUY,xgboost (Pooled),xgboost (Pooled),0.2365338666714337,SELECT (TOP K)
SUZLON,83.3,83.3,83.3,BULLISH (BUY),BUY,xgboost (Pooled),xgboost (Pooled),0.2365338666714337,SELECT (TOP K)
CHOLAFIN,80.6,80.6,80.6,BULLISH (BUY),BUY,xgboost (Pooled),xgboost (Pooled),0.2365338666714337,SELECT (TOP K)
COFORGE,72.8,72.8,72.8,BULLISH (BUY),BUY,xgboost (Pooled),xgboost (Pooled),0.2365338666714337,AVOID
OIL,71.8,71.8,71.8,BULLISH (BUY),BUY,xgboost (Pooled),xgboost (Pooled),0.2365338666714337,AVOID
AMBUJACEM,71.6,71.6,71.6,BULLISH (BUY),BUY,xgboost (Pooled),xgboost (Pooled),0.2365338666714337,AVOID
SUPREMEIND,71.0,71.0,71.0,BULLISH (BUY),BUY,xgboost (Pooled),xgboost (Pooled),0.2365338666714337,AVOID
DMART,69.5,69.5,69.5,BULLISH (BUY),BUY,xgboost (Pooled),xgboost (Pooled),0.2365338666714337,AVOID
HINDUNILVR,69.5,69.5,69.5,BULLISH (BUY),BUY,xgboost (Pooled),xgboost (Pooled),0.2365338666714337,AVOID
LODHA,68.6,68.6,68.6,BULLISH (BUY),BUY,xgboost (Pooled),xgboost (Pooled),0.2365338666714337,AVOID
TATAPOWER,68.6,68.6,68.6,BULLISH (BUY),BUY,xgboost (Pooled),xgboost (Pooled),0.2365338666714337,AVOID
NUVAMA,67.7,67.7,67.7,BULLISH (BUY),BUY,xgboost (Pooled),xgboost (Pooled),0.2365338666714337,AVOID
NESTLEIND,67.5,67.5,67.5,BULLISH (BUY),BUY,xgboost (Pooled),xgboost (Pooled),0.2365338666714337,AVOID
COALINDIA,67.4,67.4,67.4,BULLISH (BUY),BUY,xgboost (Pooled),xgboost (Pooled),0.2365338666714337,AVOID
EXIDEIND,67.0,67.0,67.0,BULLISH (BUY),BUY,xgboost (Pooled),xgboost (Pooled),0.2365338666714337,AVOID
TITAN,66.4,66.4,66.4,BULLISH (BUY),BUY,xgboost (Pooled),xgboost (Pooled),0.2365338666714337,AVOID
BEL,65.3,65.3,65.3,BULLISH (BUY),BUY,xgboost (Pooled),xgboost (Pooled),0.2365338666714337,AVOID
SAIL,64.9,64.9,64.9,BULLISH (BUY),BUY,xgboost (Pooled),xgboost (Pooled),0.2365338666714337,AVOID
HUDCO,64.7,64.7,64.7,BULLISH (BUY),BUY,xgboost (Pooled),xgboost (Pooled),0.2365338666714337,AVOID
DABUR,64.5,64.5,64.5,BULLISH (BUY),BUY,xgboost (Pooled),xgboost (Pooled),0.2365338666714337,AVOID
TATACONSUM,63.8,63.8,63.8,BULLISH (BUY),BUY,xgboost (Pooled),xgboost (Pooled),0.2365338666714337,AVOID
TIINDIA,63.7,63.7,63.7,BULLISH (BUY),BUY,xgboost (Pooled),xgboost (Pooled),0.2365338666714337,AVOID
BDL,63.4,63.4,63.4,BULLISH (BUY),BUY,xgboost (Pooled),xgboost (Pooled),0.2365338666714337,AVOID
PETRONET,61.6,61.6,61.6,BULLISH (BUY),BUY,xgboost (Pooled),xgboost (Pooled),0.2365338666714337,AVOID
COLPAL,61.6,61.6,61.6,BULLISH (BUY),BUY,xgboost (Pooled),xgboost (Pooled),0.2365338666714337,AVOID
HAL,61.2,61.2,61.2,BULLISH (BUY),BUY,xgboost (Pooled),xgboost (Pooled),0.2365338666714337,AVOID
MARICO,60.2,60.2,60.2,BULLISH (BUY),BUY,xgboost (Pooled),xgboost (Pooled),0.2365338666714337,AVOID
APLAPOLLO,59.6,59.6,59.6,BULLISH (BUY),BUY,xgboost (Pooled),xgboost (Pooled),0.2365338666714337,AVOID
ETERNAL,59.3,59.3,59.3,BULLISH (BUY),BUY,xgboost (Pooled),xgboost (Pooled),0.2365338666714337,AVOID
IEX,58.5,58.5,58.5,BULLISH (BUY),BUY,xgboost (Pooled),xgboost (Pooled),0.2365338666714337,AVOID
PNBHOUSING,58.4,58.4,58.4,BULLISH (BUY),BUY,xgboost (Pooled),xgboost (Pooled),0.2365338666714337,AVOID
POWERINDIA,58.3,58.3,58.3,BULLISH (BUY),BUY,xgboost (Pooled),xgboost (Pooled),0.2365338666714337,AVOID
NAUKRI,58.0,58.0,58.0,BULLISH (BUY),BUY,xgboost (Pooled),xgboost (Pooled),0.2365338666714337,AVOID
BRITANNIA,58.0,58.0,58.0,BULLISH (BUY),BUY,xgboost (Pooled),xgboost (Pooled),0.2365338666714337,AVOID
GAIL,57.7,57.7,57.7,BULLISH (BUY),BUY,xgboost (Pooled),xgboost (Pooled),0.2365338666714337,AVOID
MANKIND,57.2,57.2,57.2,BULLISH (BUY),BUY,xgboost (Pooled),xgboost (Pooled),0.2365338666714337,AVOID
INOXWIND,56.9,56.9,56.9,BULLISH (BUY),BUY,xgboost (Pooled),xgboost (Pooled),0.2365338666714337,AVOID
CGPOWER,56.8,56.8,56.8,BULLISH (BUY),BUY,xgboost (Pooled),xgboost (Pooled),0.2365338666714337,AVOID
CUMMINSIND,56.6,56.6,56.6,BULLISH (BUY),BUY,xgboost (Pooled),xgboost (Pooled),0.2365338666714337,AVOID
ASHOKLEY,56.5,56.5,56.5,BULLISH (BUY),BUY,xgboost (Pooled),xgboost (Pooled),0.2365338666714337,AVOID
TATATECH,56.4,56.4,56.4,BULLISH (BUY),BUY,xgboost (Pooled),xgboost (Pooled),0.2365338666714337,AVOID
ADANIENSOL,56.2,56.2,56.2,BULLISH (BUY),BUY,xgboost (Pooled),xgboost (Pooled),0.2365338666714337,AVOID
INDUSTOWER,55.9,55.9,55.9,BULLISH (BUY),BUY,xgboost (Pooled),xgboost (Pooled),0.2365338666714337,AVOID
LICHSGFIN,55.9,55.9,55.9,BULLISH (BUY),BUY,xgboost (Pooled),xgboost (Pooled),0.2365338666714337,AVOID
ICICIBANK,55.8,55.8,55.8,BULLISH (BUY),BUY,xgboost (Pooled),xgboost (Pooled),0.2365338666714337,AVOID
CONCOR,55.7,55.7,55.7,BULLISH (BUY),BUY,xgboost (Pooled),xgboost (Pooled),0.2365338666714337,AVOID
GODREJCP,54.5,54.5,54.5,BULLISH (BUY),BUY,xgboost (Pooled),xgboost (Pooled),0.2365338666714337,AVOID
ONGC,54.4,54.4,54.4,BULLISH (BUY),BUY,xgboost (Pooled),xgboost (Pooled),0.2365338666714337,AVOID
NTPC,54.3,54.3,54.3,BULLISH (BUY),BUY,xgboost (Pooled),xgboost (Pooled),0.2365338666714337,AVOID
BANKBARODA,54.2,54.2,54.2,BULLISH (BUY),BUY,xgboost (Pooled),xgboost (Pooled),0.2365338666714337,AVOID
RECLTD,54.1,54.1,54.1,BULLISH (BUY),BUY,xgboost (Pooled),xgboost (Pooled),0.2365338666714337,AVOID
EICHERMOT,53.4,53.4,53.4,BULLISH (BUY),BUY,xgboost (Pooled),xgboost (Pooled),0.2365338666714337,AVOID
ULTRACEMCO,53.2,53.2,53.2,BULLISH (BUY),BUY,xgboost (Pooled),xgboost (Pooled),0.2365338666714337,AVOID
TCS,52.9,52.9,52.9,BULLISH (BUY),BUY,xgboost (Pooled),xgboost (Pooled),0.2365338666714337,AVOID
KALYANKJIL,52.8,52.8,52.8,BULLISH (BUY),BUY,xgboost (Pooled),xgboost (Pooled),0.2365338666714337,AVOID
IRCTC,52.7,52.7,52.7,BULLISH (BUY),BUY,xgboost (Pooled),xgboost (Pooled),0.2365338666714337,AVOID
ITC,52.4,52.4,52.4,BULLISH (BUY),BUY,xgboost (Pooled),xgboost (Pooled),0.2365338666714337,AVOID
UNOMINDA,52.4,52.4,52.4,BULLISH (BUY),BUY,xgboost (Pooled),xgboost (Pooled),0.2365338666714337,AVOID
BOSCHLTD,52.2,52.2,52.2,BULLISH (BUY),BUY,xgboost (Pooled),xgboost (Pooled),0.2365338666714337,AVOID
APOLLOHOSP,52.1,52.1,52.1,BULLISH (BUY),BUY,xgboost (Pooled),xgboost (Pooled),0.2365338666714337,AVOID
SYNGENE,51.7,51.7,51.7,BULLISH (BUY),BUY,xgboost (Pooled),xgboost (Pooled),0.2365338666714337,AVOID
DIVISLAB,51.6,51.6,51.6,BULLISH (BUY),BUY,xgboost (Pooled),xgboost (Pooled),0.2365338666714337,AVOID
MAXHEALTH,51.5,51.5,51.5,BULLISH (BUY),BUY,xgboost (Pooled),xgboost (Pooled),0.2365338666714337,AVOID
KFINTECH,51.4,51.4,51.4,BULLISH (BUY),BUY,xgboost (Pooled),xgboost (Pooled),0.2365338666714337,AVOID
CAMS,51.3,51.3,51.3,BULLISH (BUY),BUY,xgboost (Pooled),xgboost (Pooled),0.2365338666714337,AVOID
ZYDUSLIFE,50.7,50.7,50.7,BULLISH (BUY),BUY,xgboost (Pooled),xgboost (Pooled),0.2365338666714337,AVOID
ASIANPAINT,50.7,50.7,50.7,BULLISH (BUY),BUY,xgboost (Pooled),xgboost (Pooled),0.2365338666714337,AVOID
POWERGRID,50.6,50.6,50.6,BULLISH (BUY),BUY,xgboost (Pooled),xgboost (Pooled),0.2365338666714337,AVOID
MIDCPNIFTY,50.5,50.5,50.5,BULLISH (BUY),BUY,xgboost (Pooled),xgboost (Pooled),0.2365338666714337,AVOID
NHPC,50.5,50.5,50.5,BULLISH (BUY),BUY,xgboost (Pooled),xgboost (Pooled),0.2365338666714337,AVOID
HINDPETRO,50.5,50.5,50.5,BULLISH (BUY),BUY,xgboost (Pooled),xgboost (Pooled),0.2365338666714337,AVOID
HCLTECH,50.5,50.5,50.5,BULLISH (BUY),BUY,xgboost (Pooled),xgboost (Pooled),0.2365338666714337,AVOID
PFC,50.4,50.4,50.4,BULLISH (BUY),BUY,xgboost (Pooled),xgboost (Pooled),0.2365338666714337,AVOID
BLUESTARCO,50.1,50.1,50.1,BULLISH (BUY),BUY,xgboost (Pooled),xgboost (Pooled),0.2365338666714337,AVOID
LAURUSLABS,49.9,49.9,49.9,BEARISH (SELL),SELL,xgboost (Pooled),xgboost (Pooled),0.2365338666714337,AVOID
SBICARD,49.6,49.6,49.6,BEARISH (SELL),SELL,xgboost (Pooled),xgboost (Pooled),0.2365338666714337,AVOID
UNIONBANK,49.6,49.6,49.6,BEARISH (SELL),SELL,xgboost (Pooled),xgboost (Pooled),0.2365338666714337,AVOID
KAYNES,49.5,49.5,49.5,BEARISH (SELL),SELL,xgboost (Pooled),xgboost (Pooled),0.2365338666714337,AVOID
TVSMOTOR,49.3,49.3,49.3,BEARISH (SELL),SELL,xgboost (Pooled),xgboost (Pooled),0.2365338666714337,AVOID
ASTRAL,49.3,49.3,49.3,BEARISH (SELL),SELL,xgboost (Pooled),xgboost (Pooled),0.2365338666714337,AVOID
GODREJPROP,49.3,49.3,49.3,BEARISH (SELL),SELL,xgboost (Pooled),xgboost (Pooled),0.2365338666714337,AVOID
PPLPHARMA,49.3,49.3,49.3,BEARISH (SELL),SELL,xgboost (Pooled),xgboost (Pooled),0.2365338666714337,AVOID
SIEMENS,49.1,49.1,49.1,BEARISH (SELL),SELL,xgboost (Pooled),xgboost (Pooled),0.2365338666714337,AVOID
IRFC,48.6,48.6,48.6,BEARISH (SELL),SELL,xgboost (Pooled),xgboost (Pooled),0.2365338666714337,AVOID
ADANIPORTS,48.4,48.4,48.4,BEARISH (SELL),SELL,xgboost (Pooled),xgboost (Pooled),0.2365338666714337,AVOID
PRESTIGE,48.4,48.4,48.4,BEARISH (SELL),SELL,xgboost (Pooled),xgboost (Pooled),0.2365338666714337,AVOID
BSE,48.2,48.2,48.2,BEARISH (SELL),SELL,xgboost (Pooled),xgboost (Pooled),0.2365338666714337,AVOID
SAMMAANCAP,48.0,48.0,48.0,BEARISH (SELL),SELL,xgboost (Pooled),xgboost (Pooled),0.2365338666714337,AVOID
KPITTECH,47.9,47.9,47.9,BEARISH (SELL),SELL,xgboost (Pooled),xgboost (Pooled),0.2365338666714337,AVOID
IDFCFIRSTB,47.9,47.9,47.9,BEARISH (SELL),SELL,xgboost (Pooled),xgboost (Pooled),0.2365338666714337,AVOID
MAZDOCK,47.8,47.8,47.8,BEARISH (SELL),SELL,xgboost (Pooled),xgboost (Pooled),0.2365338666714337,AVOID
ICICIGI,47.8,47.8,47.8,BEARISH (SELL),SELL,xgboost (Pooled),xgboost (Pooled),0.2365338666714337,AVOID
RVNL,47.7,47.7,47.7,BEARISH (SELL),SELL,xgboost (Pooled),xgboost (Pooled),0.2365338666714337,AVOID
UNITDSPR,47.6,47.6,47.6,BEARISH (SELL),SELL,xgboost (Pooled),xgboost (Pooled),0.2365338666714337,AVOID
VEDL,47.4,47.4,47.4,BEARISH (SELL),SELL,xgboost (Pooled),xgboost (Pooled),0.2365338666714337,AVOID
M&M,47.1,47.1,47.1,BEARISH (SELL),SELL,xgboost (Pooled),xgboost (Pooled),0.2365338666714337,AVOID
SHREECEM,47.0,47.0,47.0,BEARISH (SELL),SELL,xgboost (Pooled),xgboost (Pooled),0.2365338666714337,AVOID
SUNPHARMA,46.8,46.8,46.8,BEARISH (SELL),SELL,xgboost (Pooled),xgboost (Pooled),0.2365338666714337,AVOID
PHOENIXLTD,46.6,46.6,46.6,BEARISH (SELL),SELL,xgboost (Pooled),xgboost (Pooled),0.2365338666714337,AVOID
CANBK,46.3,46.3,46.3,BEARISH (SELL),SELL,xgboost (Pooled),xgboost (Pooled),0.2365338666714337,AVOID
ABB,46.2,46.2,46.2,BEARISH (SELL),SELL,xgboost (Pooled),xgboost (Pooled),0.2365338666714337,AVOID
MANAPPURAM,46.1,46.1,46.1,BEARISH (SELL),SELL,xgboost (Pooled),xgboost (Pooled),0.2365338666714337,AVOID
AUROPHARMA,45.9,45.9,45.9,BEARISH (SELL),SELL,xgboost (Pooled),xgboost (Pooled),0.2365338666714337,AVOID
NMDC,45.9,45.9,45.9,BEARISH (SELL),SELL,xgboost (Pooled),xgboost (Pooled),0.2365338666714337,AVOID
PIDILITIND,45.9,45.9,45.9,BEARISH (SELL),SELL,xgboost (Pooled),xgboost (Pooled),0.2365338666714337,AVOID
WIPRO,45.8,45.8,45.8,BEARISH (SELL),SELL,xgboost (Pooled),xgboost (Pooled),0.2365338666714337,AVOID
BAJAJFINSV,45.7,45.7,45.7,BEARISH (SELL),SELL,xgboost (Pooled),xgboost (Pooled),0.2365338666714337,AVOID
PAGEIND,45.6,45.6,45.6,BEARISH (SELL),SELL,xgboost (Pooled),xgboost (Pooled),0.2365338666714337,AVOID
AUBANK,45.5,45.5,45.5,BEARISH (SELL),SELL,xgboost (Pooled),xgboost (Pooled),0.2365338666714337,AVOID
MARUTI,45.2,45.2,45.2,BEARISH (SELL),SELL,xgboost (Pooled),xgboost (Pooled),0.2365338666714337,AVOID
HINDZINC,45.1,45.1,45.1,BEARISH (SELL),SELL,xgboost (Pooled),xgboost (Pooled),0.2365338666714337,AVOID
FORTIS,45.1,45.1,45.1,BEARISH (SELL),SELL,xgboost (Pooled),xgboost (Pooled),0.2365338666714337,AVOID
IDEA,44.8,44.8,44.8,BEARISH (SELL),SELL,xgboost (Pooled),xgboost (Pooled),0.2365338666714337,AVOID
LTIM,44.8,44.8,44.8,BEARISH (SELL),SELL,xgboost (Pooled),xgboost (Pooled),0.2365338666714337,AVOID
LUPIN,44.7,44.7,44.7,BEARISH (SELL),SELL,xgboost (Pooled),xgboost (Pooled),0.2365338666714337,AVOID
VOLTAS,44.5,44.5,44.5,BEARISH (SELL),SELL,xgboost (Pooled),xgboost (Pooled),0.2365338666714337,AVOID
JINDALSTEL,44.4,44.4,44.4,BEARISH (SELL),SELL,xgboost (Pooled),xgboost (Pooled),0.2365338666714337,AVOID
GMRAIRPORT,44.2,44.2,44.2,BEARISH (SELL),SELL,xgboost (Pooled),xgboost (Pooled),0.2365338666714337,AVOID
TRENT,44.2,44.2,44.2,BEARISH (SELL),SELL,xgboost (Pooled),xgboost (Pooled),0.2365338666714337,AVOID
SONACOMS,44.1,44.1,44.1,BEARISH (SELL),SELL,xgboost (Pooled),xgboost (Pooled),0.2365338666714337,AVOID
NYKAA,44.1,44.1,44.1,BEARISH (SELL),SELL,xgboost (Pooled),xgboost (Pooled),0.2365338666714337,AVOID
MUTHOOTFIN,44.0,44.0,44.0,BEARISH (SELL),SELL,xgboost (Pooled),xgboost (Pooled),0.2365338666714337,AVOID
POLICYBZR,43.8,43.8,43.8,BEARISH (SELL),SELL,xgboost (Pooled),xgboost (Pooled),0.2365338666714337,AVOID
IREDA,43.5,43.5,43.5,BEARISH (SELL),SELL,xgboost (Pooled),xgboost (Pooled),0.2365338666714337,AVOID
CROMPTON,43.5,43.5,43.5,BEARISH (SELL),SELL,xgboost (Pooled),xgboost (Pooled),0.2365338666714337,AVOID
GLENMARK,43.3,43.3,43.3,BEARISH (SELL),SELL,xgboost (Pooled),xgboost (Pooled),0.2365338666714337,AVOID
SOLARINDS,43.3,43.3,43.3,BEARISH (SELL),SELL,xgboost (Pooled),xgboost (Pooled),0.2365338666714337,AVOID
JSWSTEEL,43.3,43.3,43.3,BEARISH (SELL),SELL,xgboost (Pooled),xgboost (Pooled),0.2365338666714337,AVOID
UPL,43.2,43.2,43.2,BEARISH (SELL),SELL,xgboost (Pooled),xgboost (Pooled),0.2365338666714337,AVOID
TATASTEEL,43.0,43.0,43.0,BEARISH (SELL),SELL,xgboost (Pooled),xgboost (Pooled),0.2365338666714337,AVOID
IOC,42.9,42.9,42.9,BEARISH (SELL),SELL,xgboost (Pooled),xgboost (Pooled),0.2365338666714337,AVOID
MPHASIS,42.8,42.8,42.8,BEARISH (SELL),SELL,xgboost (Pooled),xgboost (Pooled),0.2365338666714337,AVOID
RBLBANK,42.7,42.7,42.7,BEARISH (SELL),SELL,xgboost (Pooled),xgboost (Pooled),0.2365338666714337,AVOID
ABCAPITAL,42.7,42.7,42.7,BEARISH (SELL),SELL,xgboost (Pooled),xgboost (Pooled),0.2365338666714337,AVOID
PIIND,42.6,42.6,42.6,BEARISH (SELL),SELL,xgboost (Pooled),xgboost (Pooled),0.2365338666714337,AVOID
DALBHARAT,42.5,42.5,42.5,BEARISH (SELL),SELL,xgboost (Pooled),xgboost (Pooled),0.2365338666714337,AVOID
LTF,42.4,42.4,42.4,BEARISH (SELL),SELL,xgboost (Pooled),xgboost (Pooled),0.2365338666714337,AVOID
SBILIFE,42.4,42.4,42.4,BEARISH (SELL),SELL,xgboost (Pooled),xgboost (Pooled),0.2365338666714337,AVOID
ANGELONE,42.1,42.1,42.1,BEARISH (SELL),SELL,xgboost (Pooled),xgboost (Pooled),0.2365338666714337,AVOID
JUBLFOOD,41.8,41.8,41.8,BEARISH (SELL),SELL,xgboost (Pooled),xgboost (Pooled),0.2365338666714337,AVOID
DELHIVERY,41.8,41.8,41.8,BEARISH (SELL),SELL,xgboost (Pooled),xgboost (Pooled),0.2365338666714337,AVOID
PERSISTENT,41.7,41.7,41.7,BEARISH (SELL),SELL,xgboost (Pooled),xgboost (Pooled),0.2365338666714337,AVOID
INFY,41.2,41.2,41.2,BEARISH (SELL),SELL,xgboost (Pooled),xgboost (Pooled),0.2365338666714337,AVOID
HEROMOTOCO,41.2,41.2,41.2,BEARISH (SELL),SELL,xgboost (Pooled),xgboost (Pooled),0.2365338666714337,AVOID
OBEROIRLTY,41.1,41.1,41.1,BEARISH (SELL),SELL,xgboost (Pooled),xgboost (Pooled),0.2365338666714337,AVOID
MFSL,40.9,40.9,40.9,BEARISH (SELL),SELL,xgboost (Pooled),xgboost (Pooled),0.2365338666714337,AVOID
LT,40.8,40.8,40.8,BEARISH (SELL),SELL,xgboost (Pooled),xgboost (Pooled),0.2365338666714337,AVOID
BAJFINANCE,40.3,40.3,40.3,BEARISH (SELL),SELL,xgboost (Pooled),xgboost (Pooled),0.2365338666714337,AVOID
BAJAJ-AUTO,40.1,40.1,40.1,BEARISH (SELL),SELL,xgboost (Pooled),xgboost (Pooled),0.2365338666714337,AVOID
INDUSINDBK,39.9,39.9,39.9,BEARISH (SELL),SELL,xgboost (Pooled),xgboost (Pooled),0.2365338666714337,AVOID
ALKEM,39.9,39.9,39.9,BEARISH (SELL),SELL,xgboost (Pooled),xgboost (Pooled),0.2365338666714337,AVOID
BPCL,39.8,39.8,39.8,BEARISH (SELL),SELL,xgboost (Pooled),xgboost (Pooled),0.2365338666714337,AVOID
DLF,39.7,39.7,39.7,BEARISH (SELL),SELL,xgboost (Pooled),xgboost (Pooled),0.2365338666714337,AVOID
HDFCBANK,38.7,38.7,38.7,BEARISH (SELL),SELL,xgboost (Pooled),xgboost (Pooled),0.2365338666714337,AVOID
SBIN,38.3,38.3,38.3,BEARISH (SELL),SELL,xgboost (Pooled),xgboost (Pooled),0.2365338666714337,AVOID
TMPV,38.0,38.0,38.0,BEARISH (SELL),SELL,xgboost (Pooled),xgboost (Pooled),0.2365338666714337,AVOID
INDIGO,37.9,37.9,37.9,BEARISH (SELL),SELL,xgboost (Pooled),xgboost (Pooled),0.2365338666714337,AVOID
PAYTM,37.8,37.8,37.8,BEARISH (SELL),SELL,xgboost (Pooled),xgboost (Pooled),0.2365338666714337,AVOID
BHARTIARTL,37.8,37.8,37.8,BEARISH (SELL),SELL,xgboost (Pooled),xgboost (Pooled),0.2365338666714337,AVOID
BHARATFORG,37.6,37.6,37.6,BEARISH (SELL),SELL,xgboost (Pooled),xgboost (Pooled),0.2365338666714337,AVOID
LICI,37.5,37.5,37.5,BEARISH (SELL),SELL,xgboost (Pooled),xgboost (Pooled),0.2365338666714337,AVOID
TATAELXSI,37.4,37.4,37.4,BEARISH (SELL),SELL,xgboost (Pooled),xgboost (Pooled),0.2365338666714337,AVOID
SHRIRAMFIN,37.2,37.2,37.2,BEARISH (SELL),SELL,xgboost (Pooled),xgboost (Pooled),0.2365338666714337,AVOID
PGEL,36.9,36.9,36.9,BEARISH (SELL),SELL,xgboost (Pooled),xgboost (Pooled),0.2365338666714337,AVOID
CIPLA,36.7,36.7,36.7,BEARISH (SELL),SELL,xgboost (Pooled),xgboost (Pooled),0.2365338666714337,AVOID
JIOFIN,36.7,36.7,36.7,BEARISH (SELL),SELL,xgboost (Pooled),xgboost (Pooled),0.2365338666714337,AVOID
INDHOTEL,36.0,36.0,36.0,BEARISH (SELL),SELL,xgboost (Pooled),xgboost (Pooled),0.2365338666714337,AVOID
ADANIENT,35.9,35.9,35.9,BEARISH (SELL),SELL,xgboost (Pooled),xgboost (Pooled),0.2365338666714337,AVOID
HINDALCO,35.7,35.7,35.7,BEARISH (SELL),SELL,xgboost (Pooled),xgboost (Pooled),0.2365338666714337,AVOID
RELIANCE,35.7,35.7,35.7,BEARISH (SELL),SELL,xgboost (Pooled),xgboost (Pooled),0.2365338666714337,AVOID
BANKINDIA,35.4,35.4,35.4,BEARISH (SELL),SELL,xgboost (Pooled),xgboost (Pooled),0.2365338666714337,AVOID
HDFCLIFE,35.3,35.3,35.3,BEARISH (SELL),SELL,xgboost (Pooled),xgboost (Pooled),0.2365338666714337,AVOID
BIOCON,35.2,35.2,35.2,BEARISH (SELL),SELL,xgboost (Pooled),xgboost (Pooled),0.2365338666714337,AVOID
TECHM,35.1,35.1,35.1,BEARISH (SELL),SELL,xgboost (Pooled),xgboost (Pooled),0.2365338666714337,AVOID
OFSS,34.8,34.8,34.8,BEARISH (SELL),SELL,xgboost (Pooled),xgboost (Pooled),0.2365338666714337,AVOID
NATIONALUM,34.3,34.3,34.3,BEARISH (SELL),SELL,xgboost (Pooled),xgboost (Pooled),0.2365338666714337,AVOID
YESBANK,34.2,34.2,34.2,BEARISH (SELL),SELL,xgboost (Pooled),xgboost (Pooled),0.2365338666714337,AVOID
JSWENERGY,33.8,33.8,33.8,BEARISH (SELL),SELL,xgboost (Pooled),xgboost (Pooled),0.2365338666714337,AVOID
FEDERALBNK,33.5,33.5,33.5,BEARISH (SELL),SELL,xgboost (Pooled),xgboost (Pooled),0.2365338666714337,AVOID
MCX,33.4,33.4,33.4,BEARISH (SELL),SELL,xgboost (Pooled),xgboost (Pooled),0.2365338666714337,AVOID
PNB,33.1,33.1,33.1,BEARISH (SELL),SELL,xgboost (Pooled),xgboost (Pooled),0.2365338666714337,AVOID
INDIANB,33.1,33.1,33.1,BEARISH (SELL),SELL,xgboost (Pooled),xgboost (Pooled),0.2365338666714337,AVOID
PATANJALI,33.0,33.0,33.0,BEARISH (SELL),SELL,xgboost (Pooled),xgboost (Pooled),0.2365338666714337,AVOID
DRREDDY,33.0,33.0,33.0,BEARISH (SELL),SELL,xgboost (Pooled),xgboost (Pooled),0.2365338666714337,AVOID
BHEL,32.8,32.8,32.8,BEARISH (SELL),SELL,xgboost (Pooled),xgboost (Pooled),0.2365338666714337,AVOID
360ONE,32.4,32.4,32.4,BEARISH (SELL),SELL,xgboost (Pooled),xgboost (Pooled),0.2365338666714337,AVOID
AXISBANK,32.2,32.2,32.2,BEARISH (SELL),SELL,xgboost (Pooled),xgboost (Pooled),0.2365338666714337,AVOID
CDSL,32.1,32.1,32.1,BEARISH (SELL),SELL,xgboost (Pooled),xgboost (Pooled),0.2365338666714337,AVOID
SRF,31.9,31.9,31.9,BEARISH (SELL),SELL,xgboost (Pooled),xgboost (Pooled),0.2365338666714337,AVOID
KEI,31.2,31.2,31.2,BEARISH (SELL),SELL,xgboost (Pooled),xgboost (Pooled),0.2365338666714337,AVOID
TORNTPOWER,31.2,31.2,31.2,BEARISH (SELL),SELL,xgboost (Pooled),xgboost (Pooled),0.2365338666714337,AVOID
DIXON,31.1,31.1,31.1,BEARISH (SELL),SELL,xgboost (Pooled),xgboost (Pooled),0.2365338666714337,AVOID
HDFCAMC,30.3,30.3,30.3,BEARISH (SELL),SELL,xgboost (Pooled),xgboost (Pooled),0.2365338666714337,AVOID
KOTAKBANK,29.9,29.9,29.9,BEARISH (SELL),SELL,xgboost (Pooled),xgboost (Pooled),0.2365338666714337,AVOID
HAVELLS,29.5,29.5,29.5,BEARISH (SELL),SELL,xgboost (Pooled),xgboost (Pooled),0.2365338666714337,AVOID
POLYCAB,29.5,29.5,29.5,BEARISH (SELL),SELL,xgboost (Pooled),xgboost (Pooled),0.2365338666714337,AVOID
NBCC,28.8,28.8,28.8,BEARISH (SELL),SELL,xgboost (Pooled),xgboost (Pooled),0.2365338666714337,AVOID
ADANIGREEN,28.7,28.7,28.7,BEARISH (SELL),SELL,xgboost (Pooled),xgboost (Pooled),0.2365338666714337,AVOID
SENSEX,28.1,28.1,28.1,BEARISH (SELL),SELL,xgboost (Pooled),xgboost (Pooled),0.2365338666714337,AVOID
NIFTY,27.7,27.7,27.7,BEARISH (SELL),SELL,xgboost (Pooled),xgboost (Pooled),0.2365338666714337,AVOID
GRASIM,24.7,24.7,24.7,BEARISH (SELL),SELL,xgboost (Pooled),xgboost (Pooled),0.2365338666714337,AVOID
FINNIFTY,24.2,24.2,24.2,BEARISH (SELL),SELL,xgboost (Pooled),xgboost (Pooled),0.2365338666714337,AVOID
BANDHANBNK,24.0,24.0,24.0,BEARISH (SELL),SELL,xgboost (Pooled),xgboost (Pooled),0.2365338666714337,AVOID
BANKNIFTY,23.8,23.8,23.8,BEARISH (SELL),SELL,xgboost (Pooled),xgboost (Pooled),0.2365338666714337,AVOID
AMBER,23.5,23.5,23.5,BEARISH (SELL),SELL,xgboost (Pooled),xgboost (Pooled),0.2365338666714337,AVOID
ICICIPRULI,18.5,18.5,18.5,BEARISH (SELL),SELL,xgboost (Pooled),xgboost (Pooled),0.2365338666714337,AVOID
