entry_time,exit_time,stance,entry_spot,exit_spot,strike_long,strike_short1,strike_short2,net_pnl_pts,net_pnl_rs,cum_pnl,peak,drawdown
2021-06-17 09:20,2021-06-24 15:20,PUT_CALENDAR,15674.7,15785.7999,15350,15500,15050,71.35896560933179,4638.332764606566,71.35896560933179,71.35896560933179,0.0
2021-06-29 09:20,2021-07-06 15:20,PUT_CALENDAR,15820.8999,15818.6,15500,15650,15200,150.17191968243196,9761.174779358078,221.53088529176375,221.53088529176375,0.0
2021-07-08 09:20,2021-07-15 15:20,PUT_CALENDAR,15861.2999,15922.2,15550,15700,15250,114.82227162122717,7463.447655379767,336.3531569129909,336.3531569129909,0.0
2021-07-20 09:20,2021-07-28 15:20,PUT_CALENDAR,15690.2,15716.8999,15400,15550,15100,148.29856746448195,9639.406885191327,484.6517243774729,484.6517243774729,0.0
2021-07-29 09:20,2021-08-05 15:20,PUT_CALENDAR,15782.7,16284.3999,15500,15650,15200,-48.06566743506551,-3124.268383279258,436.58605694240737,484.6517243774729,-48.06566743506551
2021-08-10 09:20,2021-08-17 15:20,PUT_CALENDAR,16301.2999,16620.5,16000,16150,15700,4.776018779351261,310.441220657832,441.36207572175863,484.6517243774729,-43.289648655714245
2021-08-24 09:20,2021-08-31 15:20,PUT_CALENDAR,16527.5,17147.9,16250,16400,15950,-58.93288882423758,-3830.6377735754427,382.42918689752105,484.6517243774729,-102.22253747995182
2021-09-02 09:20,2021-09-09 15:20,PUT_CALENDAR,17107.7999,17374.7,16800,16950,16500,40.00798267169466,2600.518873660153,422.4371695692157,484.6517243774729,-62.21455480825716
2021-09-14 09:20,2021-09-21 15:20,PUT_CALENDAR,17418.2999,17575.0999,17100,17250,16800,96.62870008494565,6280.865505521468,519.0658696541614,519.0658696541614,0.0
2021-09-23 09:20,2021-09-29 15:20,PUT_CALENDAR,17663.0,17706.7,17350,17500,17050,179.97745945996485,11698.534864897716,699.0433291141262,699.0433291141262,0.0
2021-09-30 09:20,2021-10-07 15:20,PUT_CALENDAR,17697.5,17785.8496,17400,17550,17100,160.83281438476115,10454.132935009475,859.8761434988874,859.8761434988874,0.0
2021-10-12 09:20,2021-10-20 15:20,PUT_CALENDAR,17970.5,18266.9004,17650,17800,17350,41.53361416673761,2699.6849208379444,901.409757665625,901.409757665625,0.0
2021-10-21 09:20,2021-10-28 15:20,PUT_CALENDAR,18332.6992,17839.5508,18050,18200,17750,534.9428798757854,34771.28719192605,1436.3526375414103,1436.3526375414103,0.0
2021-11-02 09:20,2021-11-10 15:20,PUT_CALENDAR,17981.4004,18018.3008,17700,17850,17400,220.43525231969124,14328.29140077993,1656.7878898611016,1656.7878898611016,0.0
2021-11-11 09:20,2021-11-17 15:20,PUT_CALENDAR,17953.9004,17888.1992,17650,17800,17350,287.5995086448165,18693.968061913074,1944.387398505918,1944.387398505918,0.0
2021-11-18 09:20,2021-11-26 15:20,PUT_CALENDAR,17920.8496,17022.8008,17600,17750,17300,633.217697968712,41159.15036796628,2577.60509647463,2577.60509647463,0.0
2021-11-30 09:20,2021-12-07 15:20,PUT_CALENDAR,17175.3008,17183.6992,16900,17050,16600,222.40194533103295,14456.12644651714,2800.007041805663,2800.007041805663,0.0
2021-12-09 09:20,2021-12-16 15:20,PUT_CALENDAR,17489.1504,17257.9004,17200,17350,16900,373.0868336084868,24250.644184551642,3173.09387541415,3173.09387541415,0.0
2021-12-21 09:20,2021-12-28 15:20,PUT_CALENDAR,16791.25,17241.3008,16500,16650,16200,-23.080496871721834,-1500.2322966619192,3150.0133785424277,3173.09387541415,-23.08049687172206
2021-12-30 09:20,2022-01-06 15:20,PUT_CALENDAR,17207.0996,17752.8496,16900,17050,16600,-42.89448523201054,-2788.141540080685,3107.118893310417,3173.09387541415,-65.9749821037326
2022-01-11 09:20,2022-01-18 15:20,PUT_CALENDAR,18004.5508,18107.4492,17700,17850,17400,155.1832733400197,10086.91276710128,3262.302166650437,3262.302166650437,0.0
2022-01-20 09:20,2022-01-27 15:20,PUT_CALENDAR,17897.9492,17109.1992,17600,17750,17300,607.4354285400423,39483.302855102746,3869.737595190479,3869.737595190479,0.0
2022-02-01 09:20,2022-02-07 15:20,PUT_CALENDAR,17488.0996,17191.4492,17200,17350,16900,392.88529226853916,25537.543997455046,4262.622887459018,4262.622887459018,0.0
2022-02-08 09:20,2022-02-15 15:20,PUT_CALENDAR,17279.9004,17370.6992,17000,17150,16700,159.19405489560813,10347.613568214529,4421.816942354626,4421.816942354626,0.0
2022-02-17 09:20,2022-02-24 15:20,PUT_CALENDAR,17438.0,16226.5498,17150,17300,16850,828.842580883962,53874.76775745753,5250.659523238588,5250.659523238588,0.0
2022-03-03 09:20,2022-03-10 15:20,PUT_CALENDAR,16715.8008,16593.4492,16400,16550,16100,286.5705857243047,18627.088072079805,5537.230108962893,5537.230108962893,0.0
2022-03-15 09:20,2022-03-23 15:20,PUT_CALENDAR,16897.0996,17221.0996,16600,16750,16300,16.942381643691533,1101.2548068399497,5554.172490606585,5554.172490606585,0.0
2022-03-24 09:20,2022-03-31 15:20,PUT_CALENDAR,17155.0996,17463.6504,16850,17000,16550,25.136269432585777,1633.8575131180755,5579.30876003917,5579.30876003917,0.0
2022-04-05 09:20,2022-04-11 15:20,PUT_CALENDAR,18026.5508,17668.0996,17750,17900,17450,444.85122568067345,28915.329669243773,6024.1599857198435,6024.1599857198435,0.0
2022-04-12 09:20,2022-04-21 15:20,PUT_CALENDAR,17578.25,17398.0508,17300,17450,17000,368.82920313571503,23973.898203821478,6392.9891888555585,6392.9891888555585,0.0
2022-04-26 09:20,2022-05-02 15:20,PUT_CALENDAR,17146.25,17070.4004,16850,17000,16550,276.5356228327846,17974.815484131,6669.524811688343,6669.524811688343,0.0
2022-05-05 09:20,2022-05-12 15:20,PUT_CALENDAR,16813.25,15816.4004,16500,16650,16200,662.7480527722746,43078.62343019785,7332.272864460618,7332.272864460618,0.0
2022-05-17 09:20,2022-05-24 15:20,PUT_CALENDAR,15938.0,16124.4502,15650,15800,15350,58.87782178349562,3827.0584159272153,7391.150686244113,7391.150686244113,0.0
2022-05-26 09:20,2022-06-02 15:20,PUT_CALENDAR,16075.9502,16633.0508,15800,15950,15500,-53.383655532142825,-3469.9376095892835,7337.76703071197,7391.150686244113,-53.383655532143166
2022-06-07 09:20,2022-06-14 15:20,PUT_CALENDAR,16448.0508,15738.5498,16150,16300,15850,553.7661812290953,35994.8017798912,7891.533211941065,7891.533211941065,0.0
2022-06-16 09:20,2022-06-23 15:20,PUT_CALENDAR,15845.7998,15559.8496,15550,15700,15250,325.187557019829,21137.191206288884,8216.720768960895,8216.720768960895,0.0
2022-06-28 09:20,2022-07-05 15:20,PUT_CALENDAR,15745.8496,15817.5,15450,15600,15150,114.93589577356352,7470.833225281629,8331.656664734459,8331.656664734459,0.0
2022-07-07 09:20,2022-07-14 15:20,PUT_CALENDAR,16111.2002,15945.9502,15800,15950,15500,309.2447131408053,20100.906354152343,8640.901377875263,8640.901377875263,0.0
2022-07-19 09:20,2022-07-26 15:20,PUT_CALENDAR,16237.2002,16470.5508,15950,16100,15650,44.077003649700146,2865.0052372305095,8684.978381524963,8684.978381524963,0.0
2022-07-28 09:20,2022-08-04 15:20,PUT_CALENDAR,16769.6504,17361.0508,16450,16600,16150,-58.75424701368661,-3819.02605588963,8626.224134511276,8684.978381524963,-58.754247013686836
2022-08-11 09:20,2022-08-19 15:20,PUT_CALENDAR,17690.1504,17748.3496,17400,17550,17100,187.69480117420153,12200.1620763231,8813.918935685477,8813.918935685477,0.0
2022-08-23 09:20,2022-08-30 15:20,PUT_CALENDAR,17408.4492,17772.9004,17100,17250,16800,8.590223284696094,558.3645135052461,8822.509158970173,8822.509158970173,0.0
2022-09-01 09:20,2022-09-08 15:20,PUT_CALENDAR,17551.0996,17791.1992,17250,17400,16950,66.09562252076239,4296.215463849556,8888.604781490936,8888.604781490936,0.0
2022-09-13 09:20,2022-09-20 15:20,PUT_CALENDAR,18036.75,17802.5996,17750,17900,17450,394.7380748143687,25657.974862933967,9283.342856305306,9283.342856305306,0.0
2022-09-22 09:20,2022-09-29 15:20,PUT_CALENDAR,17634.0508,16810.5996,17350,17500,17050,614.8576857522694,39965.74957389751,9898.200542057575,9898.200542057575,0.0
2022-10-04 09:20,2022-10-12 15:20,PUT_CALENDAR,17190.1992,17121.6504,16900,17050,16600,277.09603041031824,18011.241976670684,10175.296572467894,10175.296572467894,0.0
2022-10-13 09:20,2022-10-20 15:20,PUT_CALENDAR,17084.1992,17576.8496,16800,16950,16500,-27.34142269738527,-1777.1924753300425,10147.955149770509,10175.296572467894,-27.341422697385497
2022-10-25 09:20,2022-11-02 15:20,PUT_CALENDAR,17724.9492,18075.75,17400,17550,17100,13.607349937962681,884.4777459675743,10161.56249970847,10175.296572467894,-13.734072759423725
2022-11-03 09:20,2022-11-11 15:20,PUT_CALENDAR,18011.4492,18342.3496,17700,17850,17400,32.334073828545115,2101.7147988554325,10193.896573537015,10193.896573537015,0.0
2022-11-15 09:20,2022-11-22 15:20,PUT_CALENDAR,18359.1992,18245.0996,18050,18200,17750,343.0507173103815,22298.2966251748,10536.947290847396,10536.947290847396,0.0
2022-11-24 09:20,2022-12-01 15:20,PUT_CALENDAR,18296.75,18803.4492,18000,18150,17700,-14.690422367172914,-954.8774538662394,10522.256868480223,10536.947290847396,-14.690422367173596
2022-12-06 09:20,2022-12-13 15:20,PUT_CALENDAR,18605.6992,18607.25,18300,18450,18000,249.069053209696,16189.48845863024,10771.325921689919,10771.325921689919,0.0
2022-12-15 09:20,2022-12-22 15:20,PUT_CALENDAR,18636.0508,18120.5,18350,18500,18050,559.6115190036708,36374.7487352386,11330.93744069359,11330.93744069359,0.0
2022-12-27 09:20,2023-01-03 15:20,PUT_CALENDAR,18106.9492,18230.5,17800,17950,17500,143.04577328434289,9297.975263482287,11473.983213977932,11473.983213977932,0.0
2023-01-05 09:20,2023-01-12 15:20,PUT_CALENDAR,18055.5508,17859.8496,17750,17900,17450,383.5119260161746,24928.275191051347,11857.495139994106,11857.495139994106,0.0
2023-01-17 09:20,2023-01-24 15:20,PUT_CALENDAR,17927.6992,18106.8496,17650,17800,17350,122.39200993541544,7955.480645802004,11979.88714992952,11979.88714992952,0.0
2023-01-31 09:20,2023-02-07 15:20,PUT_CALENDAR,17621.0508,17713.1504,17300,17450,17000,139.6047862489795,9074.311106183668,12119.4919361785,12119.4919361785,0.0
2023-02-09 09:20,2023-02-16 15:20,PUT_CALENDAR,17834.9004,18020.9492,17550,17700,17250,111.2811950144428,7233.277675938782,12230.773131192942,12230.773131192942,0.0
2023-02-21 09:20,2023-02-28 15:20,PUT_CALENDAR,17871.5508,17302.0996,17550,17700,17250,546.6926577323957,35535.02275260572,12777.465788925338,12777.465788925338,0.0
2023-03-02 09:20,2023-03-10 15:20,PUT_CALENDAR,17425.9492,17417.8496,17150,17300,16850,244.1341638295262,15868.720648919203,13021.599952754863,13021.599952754863,0.0
2023-03-14 09:20,2023-03-21 15:20,PUT_CALENDAR,17160.9492,17097.0996,16850,17000,16550,252.18465337682937,16392.00246949391,13273.784606131692,13273.784606131692,0.0
2023-03-23 09:20,2023-03-31 15:20,PUT_CALENDAR,17059.1992,17340.6992,16750,16900,16450,32.140551554221474,2089.135851024396,13305.925157685913,13305.925157685913,0.0
2023-04-06 09:20,2023-04-17 15:20,PUT_CALENDAR,17529.0996,17705.0508,17250,17400,16950,112.25833057792715,7296.791487565265,13418.18348826384,13418.18348826384,0.0
2023-04-18 09:20,2023-04-25 15:20,PUT_CALENDAR,17728.5996,17757.25,17450,17600,17150,221.1703797690716,14376.074684989653,13639.353868032911,13639.353868032911,0.0
2023-04-27 09:20,2023-05-05 15:20,PUT_CALENDAR,17810.1504,18059.30078,17500,17650,17200,63.59537541620466,4133.699402053303,13702.949243449115,13702.949243449115,0.0
2023-05-09 09:20,2023-05-16 15:20,PUT_CALENDAR,18300.80078,18276.2,18000,18150,17700,265.4567624278807,17254.689557812242,13968.406005876996,13968.406005876996,0.0
2023-05-18 09:20,2023-05-25 15:20,PUT_CALENDAR,18271.95,18327.35,17950,18100,17650,183.63975445015603,11936.584039260142,14152.045760327152,14152.045760327152,0.0
2023-05-30 09:20,2023-06-06 15:20,PUT_CALENDAR,18620.25,18610.75,18300,18450,18000,246.17336411581527,16001.268667527993,14398.219124442967,14398.219124442967,0.0
2023-06-08 09:20,2023-06-15 15:20,PUT_CALENDAR,18741.25,18685.05,18450,18600,18150,318.19101065883933,20682.415692824557,14716.410135101807,14716.410135101807,0.0
2023-06-20 09:20,2023-06-27 15:20,PUT_CALENDAR,18700.65,18816.55,18400,18550,18100,169.99613111690724,11049.74852259897,14886.406266218713,14886.406266218713,0.0
2023-07-04 09:20,2023-07-11 15:20,PUT_CALENDAR,19397.3,19441.9,19100,19250,18800,247.03998855047394,16057.599255780806,15133.446254769187,15133.446254769187,0.0
2023-07-13 09:20,2023-07-20 15:20,PUT_CALENDAR,19475.15,19979.75,19200,19350,18900,13.84319564254838,899.8077167656447,15147.289450411736,15147.289450411736,0.0
2023-07-25 09:20,2023-08-01 15:20,PUT_CALENDAR,19685.2,19729.5,19400,19550,19100,266.92301599110215,17349.99603942164,15414.212466402838,15414.212466402838,0.0
2023-08-03 09:20,2023-08-10 15:20,PUT_CALENDAR,19500.95,19538.55,19200,19350,18900,252.98630582748956,16444.10987878682,15667.198772230327,15667.198772230327,0.0
2023-08-17 09:20,2023-08-24 15:20,PUT_CALENDAR,19444.85,19380.15,19150,19300,18850,347.2597401935345,22571.883112579744,16014.458512423862,16014.458512423862,0.0
2023-08-29 09:20,2023-09-05 15:20,PUT_CALENDAR,19332.1,19570.3,19050,19200,18750,124.11378283317345,8067.395884156274,16138.572295257036,16138.572295257036,0.0
2023-09-07 09:20,2023-09-14 15:20,PUT_CALENDAR,19576.0,20104.35,19300,19450,19000,7.936115940257423,515.8475361167325,16146.508411197294,16146.508411197294,0.0
2023-09-21 09:20,2023-09-28 15:20,PUT_CALENDAR,19822.0,19533.3,19500,19650,19200,464.87589226524506,30216.93299724093,16611.38430346254,16611.38430346254,0.0
2023-10-03 09:20,2023-10-10 15:20,PUT_CALENDAR,19529.6,19689.25,19250,19400,18950,180.13302770255996,11708.646800666396,16791.517331165098,16791.517331165098,0.0
2023-10-12 09:20,2023-10-19 15:20,PUT_CALENDAR,19824.95,19615.5,19500,19650,19200,446.7418461097868,29038.219997136144,17238.259177274886,17238.259177274886,0.0
2023-10-26 09:20,2023-11-02 15:20,PUT_CALENDAR,18997.35,19131.05,18700,18850,18400,169.21217457229068,10998.791347198894,17407.471351847176,17407.471351847176,0.0
2023-11-07 09:20,2023-11-13 15:20,PUT_CALENDAR,19373.9,19440.8,19050,19200,18750,208.03165354781322,13522.057480607858,17615.50300539499,17615.50300539499,0.0
2023-11-16 09:20,2023-11-23 15:20,PUT_CALENDAR,19629.5,19802.15,19350,19500,19050,174.50861481460197,11343.059962949128,17790.01162020959,17790.01162020959,0.0
2023-11-28 09:20,2023-12-05 15:20,PUT_CALENDAR,19829.7,20858.0,19550,19700,19250,-76.73418187124696,-4987.721821631052,17713.27743833834,17790.01162020959,-76.73418187124844
2023-12-07 09:20,2023-12-14 15:20,PUT_CALENDAR,20883.7,21187.55,20600,20750,20300,128.49874964456512,8352.418726896733,17841.776187982905,17841.776187982905,0.0
2023-12-19 09:20,2023-12-27 15:20,PUT_CALENDAR,21429.65,21664.45,21150,21300,20850,186.9162857319252,12149.558572575137,18028.69247371483,18028.69247371483,0.0
2023-12-28 09:20,2024-01-04 15:20,PUT_CALENDAR,21735.4,21657.0,21450,21600,21150,451.8428207197385,29369.783346783002,18480.53529443457,18480.53529443457,0.0
2024-01-09 09:20,2024-01-16 15:20,PUT_CALENDAR,21652.7,22019.1,21350,21500,21050,105.92810457349424,6885.3267972771255,18586.463399008062,18586.463399008062,0.0
2024-01-18 09:20,2024-01-25 15:20,PUT_CALENDAR,21459.15,21354.9,21150,21300,20850,443.3005466210989,28814.535530371428,19029.76394562916,19029.76394562916,0.0
2024-01-30 09:20,2024-02-06 15:20,PUT_CALENDAR,21770.75,21926.3,21450,21600,21150,221.1026277947567,14371.670806659185,19250.86657342392,19250.86657342392,0.0
2024-02-08 09:20,2024-02-15 15:20,PUT_CALENDAR,22006.3,21915.9,21700,21850,21400,451.57559986262277,29352.41399107048,19702.44217328654,19702.44217328654,0.0
2024-02-20 09:20,2024-02-27 15:20,PUT_CALENDAR,22064.15,22178.95,21750,21900,21450,264.46862603288446,17190.46069213749,19966.910799319427,19966.910799319427,0.0
2024-02-29 09:20,2024-03-06 15:20,PUT_CALENDAR,21919.95,22476.1,21600,21750,21300,28.43683657991778,1848.3943776946558,19995.347635899343,19995.347635899343,0.0
2024-03-07 09:20,2024-03-15 15:20,PUT_CALENDAR,22478.45,22035.8,22200,22350,21900,652.714682629181,42426.45437089676,20648.062318528522,20648.062318528522,0.0
2024-03-19 09:20,2024-03-27 15:20,PUT_CALENDAR,21950.8,22139.8,21650,21800,21350,217.90629224069107,14163.90899564492,20865.968610769214,20865.968610769214,0.0
2024-03-28 09:20,2024-04-05 15:20,PUT_CALENDAR,22199.3,22511.85,21900,22050,21600,149.93501404314702,9745.775912804556,21015.90362481236,21015.90362481236,0.0
2024-04-09 09:20,2024-04-18 15:20,PUT_CALENDAR,22704.75,22001.35,22400,22550,22100,740.0512060860892,48103.3283955958,21755.95483089845,21755.95483089845,0.0
2024-04-23 09:20,2024-04-30 15:20,PUT_CALENDAR,22423.8,22584.25,22100,22250,21800,235.32033830660566,15295.821989929369,21991.275169205055,21991.275169205055,0.0
2024-05-02 09:20,2024-05-09 15:20,PUT_CALENDAR,22637.7,21941.15,22350,22500,22050,737.8463680641871,47960.01392417216,22729.121537269242,22729.121537269242,0.0
2024-05-14 09:20,2024-05-21 15:20,PUT_CALENDAR,22147.05,22523.75,21850,22000,21550,116.14893354083961,7549.6806801545745,22845.270470810083,22845.270470810083,0.0
2024-05-23 09:20,2024-05-30 15:20,PUT_CALENDAR,22595.7,22505.4,22300,22450,22000,483.943494174463,31456.327121340095,23329.213964984545,23329.213964984545,0.0
2024-06-04 09:20,2024-06-11 15:20,PUT_CALENDAR,22807.2,23242.4,22500,22650,22200,99.55703750498878,6471.2074378242705,23428.771002489535,23428.771002489535,0.0
2024-06-13 09:20,2024-06-21 15:20,PUT_CALENDAR,23440.8,23473.95,23150,23300,22850,397.8284462356605,25858.849005317934,23826.599448725196,23826.599448725196,0.0
2024-06-25 09:20,2024-07-02 15:20,PUT_CALENDAR,23583.1,24125.8,23300,23450,23000,82.1291001039699,5338.391506758044,23908.728548829167,23908.728548829167,0.0
2024-07-04 09:20,2024-07-11 15:20,PUT_CALENDAR,24344.9,24321.35,24050,24200,23750,478.9846668403252,31134.00334462114,24387.713215669493,24387.713215669493,0.0
2024-07-16 09:20,2024-07-24 15:20,PUT_CALENDAR,24618.8,24430.6,24300,24450,24000,620.4038359192691,40326.249334752494,25008.117051588764,25008.117051588764,0.0
2024-07-25 09:20,2024-08-01 15:20,PUT_CALENDAR,24228.7,25026.35,23950,24100,23650,11.559690094031339,751.379856112037,25019.676741682797,25019.676741682797,0.0
2024-08-06 09:20,2024-08-13 15:20,PUT_CALENDAR,24335.2,24131.85,24050,24200,23750,621.0261305132299,40366.69848335994,25640.702872196027,25640.702872196027,0.0
2024-08-20 09:20,2024-08-27 15:20,PUT_CALENDAR,24624.45,25013.55,24300,24450,24000,158.61131035607832,10309.73517314509,25799.314182552105,25799.314182552105,0.0
2024-08-29 09:20,2024-09-05 15:20,PUT_CALENDAR,25037.75,25154.0,24750,24900,24450,381.75596068293453,24814.137444390744,26181.07014323504,26181.07014323504,0.0
2024-09-10 09:20,2024-09-17 15:20,PUT_CALENDAR,24983.55,25417.3,24700,24850,24400,167.0934213003029,10861.072384519688,26348.16356453534,26348.16356453534,0.0
2024-09-19 09:20,2024-09-26 15:20,PUT_CALENDAR,25577.75,26210.05,25300,25450,25000,92.36881272456321,6003.972827096609,26440.532377259904,26440.532377259904,0.0
2024-10-01 09:20,2024-10-09 15:20,PUT_CALENDAR,25874.25,25000.25,25550,25700,25250,836.1730681361005,54351.24942884653,27276.705445396005,27276.705445396005,0.0
2024-10-10 09:20,2024-10-17 15:20,PUT_CALENDAR,25044.75,24749.6,24750,24900,24450,670.8743109093775,43606.83020910954,27947.579756305382,27947.579756305382,0.0
2024-10-22 09:20,2024-10-29 15:20,PUT_CALENDAR,24850.7,24458.65,24550,24700,24250,700.4458510594468,45528.98031886404,28648.025607364827,28648.025607364827,0.0
2024-10-31 09:20,2024-11-07 15:20,PUT_CALENDAR,24329.9,24202.6,24050,24200,23750,605.2292513767334,39339.90133948767,29253.25485874156,29253.25485874156,0.0
2024-11-12 09:20,2024-11-21 15:20,PUT_CALENDAR,24190.15,23356.85,23900,24050,23600,787.3091846559128,51175.09700263433,30040.56404339747,30040.56404339747,0.0
2024-11-26 09:20,2024-12-03 15:20,PUT_CALENDAR,24311.3,24442.05,24000,24150,23700,326.2107307301403,21203.69749745912,30366.77477412761,30366.77477412761,0.0
2024-12-05 09:20,2024-12-12 15:20,PUT_CALENDAR,24504.5,24554.55,24200,24350,23900,406.10612024232796,26396.89781575132,30772.88089436994,30772.88089436994,0.0
2024-12-17 09:20,2024-12-24 15:20,PUT_CALENDAR,24592.75,23733.75,24300,24450,24000,800.9484280472461,52061.647823071,31573.829322417187,31573.829322417187,0.0
2024-12-26 09:20,2025-01-02 15:20,PUT_CALENDAR,23841.9,24189.85,23550,23700,23250,178.96876346824138,11632.96962543569,31752.798085885428,31752.798085885428,0.0
2025-01-07 09:20,2025-01-14 15:20,PUT_CALENDAR,23750.9,23184.3,23450,23600,23150,764.1622126081766,49670.54381953148,32516.960298493606,32516.960298493606,0.0
2025-01-16 09:20,2025-01-23 15:20,PUT_CALENDAR,23326.65,23195.6,23050,23200,22750,572.2524604531955,37196.4099294577,33089.2127589468,33089.2127589468,0.0
2025-01-28 09:20,2025-02-03 15:20,PUT_CALENDAR,22916.15,23355.5,22600,22750,22300,96.04641392548365,6243.016905156437,33185.259172872284,33185.259172872284,0.0
2025-02-04 09:20,2025-02-11 15:20,PUT_CALENDAR,23514.35,23064.8,23200,23350,22900,672.8037594179914,43732.24436216944,33858.062932290275,33858.062932290275,0.0
2025-02-13 09:20,2025-02-20 15:20,PUT_CALENDAR,23093.5,22914.1,22800,22950,22500,568.16345760896,36930.6247445824,34426.22638989924,34426.22638989924,0.0
2025-02-25 09:20,2025-03-05 15:20,PUT_CALENDAR,22549.65,22331.1,22250,22400,21950,554.5994219152399,36048.96242449059,34980.82581181448,34980.82581181448,0.0
2025-03-06 09:20,2025-03-13 15:20,PUT_CALENDAR,22417.35,22401.75,22100,22250,21800,382.1055275264107,24836.859289216696,35362.93133934089,35362.93133934089,0.0
2025-03-18 09:20,2025-03-25 15:20,PUT_CALENDAR,22608.45,23670.35,22300,22450,22000,-61.928211990058344,-4025.333779353792,35301.00312735083,35362.93133934089,-61.928211990059935
2025-03-27 09:20,2025-04-04 15:20,PUT_CALENDAR,23512.6,22899.0,23200,23350,22900,780.9326318130443,50760.62106784788,36081.93575916387,36081.93575916387,0.0
2025-04-08 09:20,2025-04-17 15:20,PUT_CALENDAR,22540.7,23850.3,22250,22400,21950,-81.24432769397936,-5280.881300108658,36000.69143146989,36081.93575916387,-81.24432769398118
2025-04-22 09:20,2025-04-29 15:20,PUT_CALENDAR,24097.2,24330.85,23800,23950,23500,254.65429470557592,16552.529155862434,36255.34572617547,36255.34572617547,0.0
2025-05-06 09:20,2025-05-13 15:20,PUT_CALENDAR,24438.75,24576.5,24150,24300,23850,343.45211303845554,22324.38734749961,36598.79783921392,36598.79783921392,0.0
2025-05-15 09:20,2025-05-22 15:20,PUT_CALENDAR,24596.1,24602.05,24300,24450,24000,457.93532856615184,29765.79635679987,37056.73316778007,37056.73316778007,0.0
2025-05-27 09:20,2025-06-03 15:20,PUT_CALENDAR,24852.5,24545.6,24550,24700,24250,664.8268874997411,43213.74768748318,37721.56005527981,37721.56005527981,0.0
2025-06-05 09:20,2025-06-12 15:20,PUT_CALENDAR,24631.5,24870.5,24350,24500,24050,278.6276267749263,18110.79574037021,38000.18768205474,38000.18768205474,0.0
2025-06-17 09:20,2025-06-24 15:20,PUT_CALENDAR,24895.3,25054.25,24600,24750,24300,335.96394263732964,21837.656271426426,38336.15162469207,38336.15162469207,0.0
2025-06-26 09:20,2025-07-03 15:20,PUT_CALENDAR,25306.05,25396.0,25000,25150,24700,396.8850788581449,25797.530125779416,38733.03670355022,38733.03670355022,0.0
2025-07-08 09:20,2025-07-15 15:20,PUT_CALENDAR,25465.85,25205.3,25150,25300,24850,668.537503239635,43454.937710576276,39401.57420678985,39401.57420678985,0.0
2025-07-17 09:20,2025-07-24 15:20,PUT_CALENDAR,25201.85,25058.5,24900,25050,24600,629.5769211616935,40922.499875510075,40031.15112795155,40031.15112795155,0.0
2025-07-29 09:20,2025-08-05 15:20,PUT_CALENDAR,24664.45,24667.1,24350,24500,24050,445.44453753313246,28953.89493965361,40476.59566548468,40476.59566548468,0.0
2025-08-07 09:20,2025-08-14 15:20,PUT_CALENDAR,24516.3,24630.8,24200,24350,23900,341.6218614816189,22205.420996305227,40818.2175269663,40818.2175269663,0.0
2025-08-19 09:20,2025-08-26 15:20,PUT_CALENDAR,24904.45,24703.65,24600,24750,24300,636.5482559621578,41375.63663754026,41454.76578292846,41454.76578292846,0.0
2025-08-28 09:20,2025-09-04 15:20,PUT_CALENDAR,24575.5,24738.75,24300,24450,24000,338.5170208025511,22003.60635216582,41793.28280373101,41793.28280373101,0.0
2025-09-09 09:20,2025-09-16 15:20,PUT_CALENDAR,24857.0,25236.7,24550,24700,24250,179.72686479270214,11682.246211525639,41973.009668523715,41973.009668523715,0.0
2025-09-18 09:20,2025-09-25 15:20,PUT_CALENDAR,25403.25,24893.9,25100,25250,24800,783.011670693837,50895.7585950994,42756.02133921755,42756.02133921755,0.0
2025-09-30 09:20,2025-10-08 15:20,PUT_CALENDAR,24722.9,25041.35,24400,24550,24100,201.60638559560812,13104.415063714529,42957.62772481316,42957.62772481316,0.0
2025-10-09 09:20,2025-10-16 15:20,PUT_CALENDAR,25083.35,25571.3,24800,24950,24500,142.08959233794303,9235.823501966297,43099.7173171511,43099.7173171511,0.0
2025-10-21 13:45,2025-10-29 15:20,PUT_CALENDAR,25924.05,26061.75,25600,25750,25300,362.352591782962,23552.91846589253,43462.06990893406,43462.06990893406,0.0
2025-10-30 09:20,2025-11-07 15:20,PUT_CALENDAR,25982.4,25502.25,25700,25850,25400,799.6051732230189,51974.33625949623,44261.67508215708,44261.67508215708,0.0
2025-11-11 09:20,2025-11-18 15:20,PUT_CALENDAR,25526.6,25897.7,25250,25400,24950,221.69458965806098,14410.148327773964,44483.36967181514,44483.36967181514,0.0
2025-11-20 09:20,2025-11-27 15:20,PUT_CALENDAR,26099.95,26226.2,25800,25950,25500,397.94264742699124,25866.272082754433,44881.31231924213,44881.31231924213,0.0
2025-12-02 09:20,2025-12-09 15:20,PUT_CALENDAR,26146.45,25840.15,25850,26000,25550,715.1179313647754,46482.6655387104,45596.43025060691,45596.43025060691,0.0
2025-12-11 09:20,2025-12-18 15:20,PUT_CALENDAR,25774.75,25818.85,25450,25600,25150,435.82795893779985,28328.81733095699,46032.25820954471,46032.25820954471,0.0
2025-12-23 09:20,2025-12-31 15:20,PUT_CALENDAR,26165.0,26123.5,25850,26000,25550,540.4489013034618,35129.178584725014,46572.70711084817,46572.70711084817,0.0
2026-01-01 09:20,2026-01-08 15:20,PUT_CALENDAR,26163.95,25877.75,25850,26000,25550,702.5749557608979,45667.37212445836,47275.28206660907,47275.28206660907,0.0
2026-01-13 09:20,2026-01-21 15:20,PUT_CALENDAR,25822.35,25154.25,25500,25650,25200,850.2077313746086,55263.50253934956,48125.48979798368,48125.48979798368,0.0
2026-01-22 09:20,2026-01-30 15:20,PUT_CALENDAR,25329.3,25326.3,25050,25200,24750,509.3390868570059,33107.04064570538,48634.82888484069,48634.82888484069,0.0
2026-02-03 09:20,2026-02-10 15:20,PUT_CALENDAR,25852.25,25916.1,25550,25700,25250,441.6983533651546,28710.39296873505,49076.52723820585,49076.52723820585,0.0
2026-02-12 09:20,2026-02-19 15:20,PUT_CALENDAR,25853.8,25401.65,25550,25700,25250,765.9839313706398,49788.955539091585,49842.511169576486,49842.511169576486,0.0
2026-02-24 09:20,2026-03-04 15:20,PUT_CALENDAR,25571.75,24458.0,25250,25400,24950,874.3077864474544,56830.00611908454,50716.81895602394,50716.81895602394,0.0
2026-03-05 09:20,2026-03-12 15:20,PUT_CALENDAR,24571.8,23643.0,24250,24400,23950,804.7163053578552,52306.559848260586,51521.535261381796,51521.535261381796,0.0
2026-03-17 09:20,2026-03-24 15:20,PUT_CALENDAR,23380.5,22930.5,23100,23250,22800,688.5100350024222,44753.152275157445,52210.04529638422,52210.04529638422,0.0
2026-04-02 09:20,2026-04-10 15:20,PUT_CALENDAR,22229.2,24057.6,21950,22100,21650,-97.02219499086777,-6306.442674406406,52113.02310139335,52210.04529638422,-97.02219499086641
2026-04-16 09:20,2026-04-23 15:20,PUT_CALENDAR,24388.0,24170.55,24100,24250,23800,625.6063401190077,40664.412107735494,52738.629441512356,52738.629441512356,0.0
2026-04-28 09:20,2026-05-06 15:20,PUT_CALENDAR,24098.25,24321.7,23800,23950,23500,260.97507586908796,16963.379931490716,52999.60451738144,52999.60451738144,0.0
2026-05-07 09:20,2026-05-14 15:20,PUT_CALENDAR,24317.9,23681.6,24000,24150,23700,804.6024010133369,52299.156065866904,53804.206918394775,53804.206918394775,0.0
2026-05-19 09:20,2026-05-26 15:20,PUT_CALENDAR,23734.35,23912.85,23450,23600,23150,292.675676222103,19023.918954436696,54096.88259461688,54096.88259461688,0.0
2026-06-02 09:20,2026-06-09 15:20,PUT_CALENDAR,23287.1,23233.1,23000,23150,22700,480.24567347238644,31215.968775705118,54577.12826808927,54577.12826808927,0.0
2026-06-11 09:20,2026-06-18 15:20,PUT_CALENDAR,23126.9,24177.8,22850,23000,22550,-51.686777643029245,-3359.6405467969007,54525.44149044624,54577.12826808927,-51.68677764302993
2026-06-23 09:20,2026-07-01 15:20,PUT_CALENDAR,24090.6,23995.15,23800,23950,23500,548.8796401212403,35677.17660788062,55074.32113056748,55074.32113056748,0.0
2026-07-02 09:20,2026-07-09 15:20,PUT_CALENDAR,24105.9,23961.1,23800,23950,23500,586.4703464488939,38120.5725191781,55660.79147701637,55660.79147701637,0.0
2026-07-14 09:20,2026-07-21 15:20,PUT_CALENDAR,24121.4,24186.75,23800,23950,23500,364.7350544139981,23707.77853690988,56025.52653143037,56025.52653143037,0.0
