Cycle_ID,Leg_Role,Entry_Time,Exit_Time,Type,Is_Short,Trade_Type,Option_Symbol,Strike,Strategy,Entry_Price,Exit_Price,Qty,Entry_Spot,Exit_Spot,Leg_PnL_Pts,Leg_PnL_Rs,Exit_Reason
1,MONTHLY_LONG_HEDGE,2025-11-06 09:20,2025-11-13 15:20,PE,False,BUY,NIFTY PE 25700,25700,Strategy_20,176.0,120.0,195,25673.15,25881.25,-168.0,-10920.0,Weekly_Rollover_Rebalance
1,WEEKLY_SHORT_DECAY_1,2025-11-06 09:20,2025-11-13 15:20,PE,True,SELL,NIFTY PE 25750,25750,Strategy_20,136.9,0.0,65,25673.15,25881.25,136.9,8898.5,Weekly_Expiry_Decay
1,WEEKLY_SHORT_DECAY_2,2025-11-06 09:20,2025-11-13 15:20,PE,True,SELL,NIFTY PE 25800,25800,Strategy_20,164.95,0.0,65,25673.15,25881.25,164.95,10721.75,Weekly_Expiry_Decay
2,MONTHLY_LONG_HEDGE,2025-11-18 09:20,2025-11-25 15:20,PE,False,BUY,NIFTY PE 26000,26000,Strategy_20,173.05,241.65000000000143,195,25951.15,25878.35,205.8,13377.0,Weekly_Rollover_Rebalance
2,WEEKLY_SHORT_DECAY_1,2025-11-18 09:20,2025-11-25 15:20,PE,True,SELL,NIFTY PE 25950,25950,Strategy_20,149.1,71.65000000000146,65,25951.15,25878.35,77.45,5034.25,Weekly_Expiry_Decay
2,WEEKLY_SHORT_DECAY_2,2025-11-18 09:20,2025-11-25 15:20,PE,True,SELL,NIFTY PE 26200,26200,Strategy_20,255.1,321.65000000000146,65,25951.15,25878.35,-66.55,-4325.75,Weekly_Expiry_Decay
3,MONTHLY_LONG_HEDGE,2025-11-27 09:20,2025-12-04 15:20,PE,False,BUY,NIFTY PE 26350,26350,Strategy_20,194.75,437.5,195,26253.3,26032.5,728.25,47336.25,Weekly_Rollover_Rebalance
3,WEEKLY_SHORT_DECAY_1,2025-11-27 09:20,2025-12-04 15:20,PE,True,SELL,NIFTY PE 26350,26350,Strategy_20,147.4,317.5,65,26253.3,26032.5,-170.1,-11056.5,Weekly_Expiry_Decay
3,WEEKLY_SHORT_DECAY_2,2025-11-27 09:20,2025-12-04 15:20,PE,True,SELL,NIFTY PE 26500,26500,Strategy_20,246.7,467.5,65,26253.3,26032.5,-220.8,-14352.0,Weekly_Expiry_Decay
4,MONTHLY_LONG_HEDGE,2025-12-09 09:20,2025-12-16 15:20,PE,False,BUY,NIFTY PE 25950,25950,Strategy_20,195.0,228.54999999999927,195,25803.15,25841.45,100.65,6542.25,Weekly_Rollover_Rebalance
4,WEEKLY_SHORT_DECAY_1,2025-12-09 09:20,2025-12-16 15:20,PE,True,SELL,NIFTY PE 25950,25950,Strategy_20,152.75,108.54999999999929,65,25803.15,25841.45,44.2,2873.0,Weekly_Expiry_Decay
4,WEEKLY_SHORT_DECAY_2,2025-12-09 09:20,2025-12-16 15:20,PE,True,SELL,NIFTY PE 26150,26150,Strategy_20,338.0,308.5499999999993,65,25803.15,25841.45,29.45,1914.25,Weekly_Expiry_Decay
5,MONTHLY_LONG_HEDGE,2025-12-18 09:20,2025-12-26 15:20,PE,False,BUY,NIFTY PE 25900,25900,Strategy_20,191.3,120.0,195,25777.5,26041.0,-213.9,-13903.5,Weekly_Rollover_Rebalance
5,WEEKLY_SHORT_DECAY_1,2025-12-18 09:20,2025-12-26 15:20,PE,True,SELL,NIFTY PE 25900,25900,Strategy_20,160.7,0.0,65,25777.5,26041.0,160.7,10445.5,Weekly_Expiry_Decay
5,WEEKLY_SHORT_DECAY_2,2025-12-18 09:20,2025-12-26 15:20,PE,True,SELL,NIFTY PE 26000,26000,Strategy_20,231.7,0.0,65,25777.5,26041.0,231.7,15060.5,Weekly_Expiry_Decay
6,MONTHLY_LONG_HEDGE,2025-12-30 09:20,2026-01-06 15:20,PE,False,BUY,NIFTY PE 26050,26050,Strategy_20,184.15,120.0,195,25890.55,26184.25,-192.45,-12509.25,Weekly_Rollover_Rebalance
6,WEEKLY_SHORT_DECAY_1,2025-12-30 09:20,2026-01-06 15:20,PE,True,SELL,NIFTY PE 26000,26000,Strategy_20,153.15,0.0,65,25890.55,26184.25,153.15,9954.75,Weekly_Expiry_Decay
6,WEEKLY_SHORT_DECAY_2,2025-12-30 09:20,2026-01-06 15:20,PE,True,SELL,NIFTY PE 26200,26200,Strategy_20,306.65,15.75,65,25890.55,26184.25,290.9,18908.5,Weekly_Expiry_Decay
7,MONTHLY_LONG_HEDGE,2026-01-08 09:20,2026-01-16 15:20,PE,False,BUY,NIFTY PE 26200,26200,Strategy_20,169.1,624.0999999999985,195,26108.75,25695.9,1365.0,88725.0,Weekly_Rollover_Rebalance
7,WEEKLY_SHORT_DECAY_1,2026-01-08 09:20,2026-01-16 15:20,PE,True,SELL,NIFTY PE 26200,26200,Strategy_20,134.2,504.09999999999854,65,26108.75,25695.9,-369.9,-24043.5,Weekly_Expiry_Decay
7,WEEKLY_SHORT_DECAY_2,2026-01-08 09:20,2026-01-16 15:20,PE,True,SELL,NIFTY PE 26200,26200,Strategy_20,134.2,504.09999999999854,65,26108.75,25695.9,-369.9,-24043.5,Weekly_Expiry_Decay
8,MONTHLY_LONG_HEDGE,2026-01-20 09:20,2026-01-28 15:20,PE,False,BUY,NIFTY PE 25750,25750,Strategy_20,208.0,521.9000000000015,195,25553.1,25348.1,941.7,61210.5,Weekly_Rollover_Rebalance
8,WEEKLY_SHORT_DECAY_1,2026-01-20 09:20,2026-01-28 15:20,PE,True,SELL,NIFTY PE 25600,25600,Strategy_20,159.0,251.90000000000143,65,25553.1,25348.1,-92.9,-6038.5,Weekly_Expiry_Decay
8,WEEKLY_SHORT_DECAY_2,2026-01-20 09:20,2026-01-28 15:20,PE,True,SELL,NIFTY PE 25800,25800,Strategy_20,254.55,451.9000000000015,65,25553.1,25348.1,-197.35,-12827.75,Weekly_Expiry_Decay
9,MONTHLY_LONG_HEDGE,2026-01-29 09:20,2026-02-04 15:20,PE,False,BUY,NIFTY PE 25200,25200,Strategy_20,213.0,120.0,195,25261.2,25766.85,-279.0,-18135.0,Weekly_Rollover_Rebalance
9,WEEKLY_SHORT_DECAY_1,2026-01-29 09:20,2026-02-04 15:20,PE,True,SELL,NIFTY PE 25150,25150,Strategy_20,141.35,0.0,65,25261.2,25766.85,141.35,9187.75,Weekly_Expiry_Decay
9,WEEKLY_SHORT_DECAY_2,2026-01-29 09:20,2026-02-04 15:20,PE,True,SELL,NIFTY PE 25500,25500,Strategy_20,320.4,0.0,65,25261.2,25766.85,320.4,20826.0,Weekly_Expiry_Decay
10,MONTHLY_LONG_HEDGE,2026-02-05 09:20,2026-02-12 15:20,PE,False,BUY,NIFTY PE 25700,25700,Strategy_20,194.7,120.0,195,25702.2,25807.3,-224.1,-14566.5,Weekly_Rollover_Rebalance
10,WEEKLY_SHORT_DECAY_1,2026-02-05 09:20,2026-02-12 15:20,PE,True,SELL,NIFTY PE 25700,25700,Strategy_20,139.6,0.0,65,25702.2,25807.3,139.6,9074.0,Weekly_Expiry_Decay
10,WEEKLY_SHORT_DECAY_2,2026-02-05 09:20,2026-02-12 15:20,PE,True,SELL,NIFTY PE 25800,25800,Strategy_20,192.8,0.0,65,25702.2,25807.3,192.8,12532.0,Weekly_Expiry_Decay
11,MONTHLY_LONG_HEDGE,2026-02-17 09:20,2026-02-24 15:20,PE,False,BUY,NIFTY PE 25650,25650,Strategy_20,195.4,331.0499999999993,195,25580.45,25438.95,406.95,26451.75,Weekly_Rollover_Rebalance
11,WEEKLY_SHORT_DECAY_1,2026-02-17 09:20,2026-02-24 15:20,PE,True,SELL,NIFTY PE 25550,25550,Strategy_20,149.0,111.04999999999929,65,25580.45,25438.95,37.95,2466.75,Weekly_Expiry_Decay
11,WEEKLY_SHORT_DECAY_2,2026-02-17 09:20,2026-02-24 15:20,PE,True,SELL,NIFTY PE 25900,25900,Strategy_20,360.0,461.0499999999993,65,25580.45,25438.95,-101.05,-6568.25,Weekly_Expiry_Decay
12,MONTHLY_LONG_HEDGE,2026-02-26 09:20,2026-03-06 15:20,PE,False,BUY,NIFTY PE 25550,25550,Strategy_20,197.7,1216.9500000000007,195,25532.15,24453.05,3057.75,198753.75,Weekly_Rollover_Rebalance
12,WEEKLY_SHORT_DECAY_1,2026-02-26 09:20,2026-03-06 15:20,PE,True,SELL,NIFTY PE 25600,25600,Strategy_20,149.55,1146.9500000000007,65,25532.15,24453.05,-997.4,-64831.0,Weekly_Expiry_Decay
12,WEEKLY_SHORT_DECAY_2,2026-02-26 09:20,2026-03-06 15:20,PE,True,SELL,NIFTY PE 25950,25950,Strategy_20,400.6,1496.9500000000007,65,25532.15,24453.05,-1096.35,-71262.75,Weekly_Expiry_Decay
13,MONTHLY_LONG_HEDGE,2026-03-10 09:20,2026-03-17 15:20,PE,False,BUY,NIFTY PE 23900,23900,Strategy_20,249.5,445.0499999999993,195,24159.4,23574.95,586.65,38132.25,Weekly_Rollover_Rebalance
13,WEEKLY_SHORT_DECAY_1,2026-03-10 09:20,2026-03-17 15:20,PE,True,SELL,NIFTY PE 23900,23900,Strategy_20,249.5,325.0499999999993,65,24159.4,23574.95,-75.55,-4910.75,Weekly_Expiry_Decay
13,WEEKLY_SHORT_DECAY_2,2026-03-10 09:20,2026-03-17 15:20,PE,True,SELL,NIFTY PE 24300,24300,Strategy_20,375.65,725.0499999999993,65,24159.4,23574.95,-349.4,-22711.0,Weekly_Expiry_Decay
14,MONTHLY_LONG_HEDGE,2026-03-19 09:20,2026-03-27 15:20,PE,False,BUY,NIFTY PE 23050,23050,Strategy_20,257.55,351.0,195,23280.4,22819.0,280.35,18222.75,Weekly_Rollover_Rebalance
14,WEEKLY_SHORT_DECAY_1,2026-03-19 09:20,2026-03-27 15:20,PE,True,SELL,NIFTY PE 23050,23050,Strategy_20,151.35,231.0,65,23280.4,22819.0,-79.65,-5177.25,Weekly_Expiry_Decay
14,WEEKLY_SHORT_DECAY_2,2026-03-19 09:20,2026-03-27 15:20,PE,True,SELL,NIFTY PE 23600,23600,Strategy_20,427.0,781.0,65,23280.4,22819.0,-354.0,-23010.0,Weekly_Expiry_Decay
15,MONTHLY_LONG_HEDGE,2026-04-02 09:20,2026-04-10 15:20,PE,False,BUY,NIFTY PE 22000,22000,Strategy_20,385.95,120.0,195,22229.2,24057.6,-797.85,-51860.25,Weekly_Rollover_Rebalance
15,WEEKLY_SHORT_DECAY_1,2026-04-02 09:20,2026-04-10 15:20,PE,True,SELL,NIFTY PE 21850,21850,Strategy_20,155.0,0.0,65,22229.2,24057.6,155.0,10075.0,Weekly_Expiry_Decay
15,WEEKLY_SHORT_DECAY_2,2026-04-02 09:20,2026-04-10 15:20,PE,True,SELL,NIFTY PE 22550,22550,Strategy_20,464.7,0.0,65,22229.2,24057.6,464.7,30205.5,Weekly_Expiry_Decay
16,MONTHLY_LONG_HEDGE,2026-04-16 09:20,2026-04-23 15:20,PE,False,BUY,NIFTY PE 24100,24100,Strategy_20,194.55,120.0,195,24388.0,24170.55,-223.65,-14537.25,Weekly_Rollover_Rebalance
16,WEEKLY_SHORT_DECAY_1,2026-04-16 09:20,2026-04-23 15:20,PE,True,SELL,NIFTY PE 24250,24250,Strategy_20,144.65,79.45000000000073,65,24388.0,24170.55,65.2,4238.0,Weekly_Expiry_Decay
16,WEEKLY_SHORT_DECAY_2,2026-04-16 09:20,2026-04-23 15:20,PE,True,SELL,NIFTY PE 24500,24500,Strategy_20,260.4,329.4500000000007,65,24388.0,24170.55,-69.05,-4488.25,Weekly_Expiry_Decay
17,MONTHLY_LONG_HEDGE,2026-04-28 09:20,2026-05-06 15:20,PE,False,BUY,NIFTY PE 24050,24050,Strategy_20,209.4,120.0,195,24098.25,24321.7,-268.2,-17433.0,Weekly_Rollover_Rebalance
17,WEEKLY_SHORT_DECAY_1,2026-04-28 09:20,2026-05-06 15:20,PE,True,SELL,NIFTY PE 23900,23900,Strategy_20,149.45,0.0,65,24098.25,24321.7,149.45,9714.25,Weekly_Expiry_Decay
17,WEEKLY_SHORT_DECAY_2,2026-04-28 09:20,2026-05-06 15:20,PE,True,SELL,NIFTY PE 24400,24400,Strategy_20,403.15,78.29999999999927,65,24098.25,24321.7,324.85,21115.25,Weekly_Expiry_Decay
18,MONTHLY_LONG_HEDGE,2026-05-07 09:20,2026-05-14 15:20,PE,False,BUY,NIFTY PE 24200,24200,Strategy_20,205.05,638.4000000000015,195,24317.9,23681.6,1300.05,84503.25,Weekly_Rollover_Rebalance
18,WEEKLY_SHORT_DECAY_1,2026-05-07 09:20,2026-05-14 15:20,PE,True,SELL,NIFTY PE 24250,24250,Strategy_20,140.0,568.4000000000015,65,24317.9,23681.6,-428.4,-27846.0,Weekly_Expiry_Decay
18,WEEKLY_SHORT_DECAY_2,2026-05-07 09:20,2026-05-14 15:20,PE,True,SELL,NIFTY PE 24600,24600,Strategy_20,338.55,918.4000000000016,65,24317.9,23681.6,-579.85,-37690.25,Weekly_Expiry_Decay
19,MONTHLY_LONG_HEDGE,2026-05-19 09:20,2026-05-26 15:20,PE,False,BUY,NIFTY PE 23600,23600,Strategy_20,192.45,120.0,195,23734.35,23912.85,-217.35,-14127.75,Weekly_Rollover_Rebalance
19,WEEKLY_SHORT_DECAY_1,2026-05-19 09:20,2026-05-26 15:20,PE,True,SELL,NIFTY PE 23500,23500,Strategy_20,156.9,0.0,65,23734.35,23912.85,156.9,10198.5,Weekly_Expiry_Decay
19,WEEKLY_SHORT_DECAY_2,2026-05-19 09:20,2026-05-26 15:20,PE,True,SELL,NIFTY PE 24000,24000,Strategy_20,390.25,87.15000000000146,65,23734.35,23912.85,303.1,19701.5,Weekly_Expiry_Decay
20,MONTHLY_LONG_HEDGE,2026-06-02 09:20,2026-06-09 15:20,PE,False,BUY,NIFTY PE 23350,23350,Strategy_20,207.35,236.90000000000143,195,23287.1,23233.1,88.65,5762.25,Weekly_Rollover_Rebalance
20,WEEKLY_SHORT_DECAY_1,2026-06-02 09:20,2026-06-09 15:20,PE,True,SELL,NIFTY PE 23200,23200,Strategy_20,142.55,0.0,65,23287.1,23233.1,142.55,9265.75,Weekly_Expiry_Decay
20,WEEKLY_SHORT_DECAY_2,2026-06-02 09:20,2026-06-09 15:20,PE,True,SELL,NIFTY PE 23650,23650,Strategy_20,360.0,416.9000000000015,65,23287.1,23233.1,-56.9,-3698.5,Weekly_Expiry_Decay
21,MONTHLY_LONG_HEDGE,2026-06-11 09:20,2026-06-18 15:20,PE,False,BUY,NIFTY PE 22900,22900,Strategy_20,192.75,120.0,195,23126.9,24177.8,-218.25,-14186.25,Weekly_Rollover_Rebalance
21,WEEKLY_SHORT_DECAY_1,2026-06-11 09:20,2026-06-18 15:20,PE,True,SELL,NIFTY PE 23100,23100,Strategy_20,150.5,0.0,65,23126.9,24177.8,150.5,9782.5,Weekly_Expiry_Decay
21,WEEKLY_SHORT_DECAY_2,2026-06-11 09:20,2026-06-18 15:20,PE,True,SELL,NIFTY PE 23500,23500,Strategy_20,413.15,0.0,65,23126.9,24177.8,413.15,26854.75,Weekly_Expiry_Decay
22,MONTHLY_LONG_HEDGE,2026-06-23 09:20,2026-07-01 15:20,PE,False,BUY,NIFTY PE 24200,24200,Strategy_20,200.85,324.84999999999854,195,24090.6,23995.15,372.0,24180.0,Weekly_Rollover_Rebalance
22,WEEKLY_SHORT_DECAY_1,2026-06-23 09:20,2026-07-01 15:20,PE,True,SELL,NIFTY PE 24100,24100,Strategy_20,145.55,104.84999999999854,65,24090.6,23995.15,40.7,2645.5,Weekly_Expiry_Decay
22,WEEKLY_SHORT_DECAY_2,2026-06-23 09:20,2026-07-01 15:20,PE,True,SELL,NIFTY PE 24200,24200,Strategy_20,200.85,204.84999999999852,65,24090.6,23995.15,-4.0,-260.0,Weekly_Expiry_Decay
23,MONTHLY_LONG_HEDGE,2026-07-02 09:20,2026-07-09 15:20,PE,False,BUY,NIFTY PE 24150,24150,Strategy_20,203.2,308.90000000000146,195,24105.9,23961.1,317.1,20611.5,Weekly_Rollover_Rebalance
23,WEEKLY_SHORT_DECAY_1,2026-07-02 09:20,2026-07-09 15:20,PE,True,SELL,NIFTY PE 24150,24150,Strategy_20,140.25,188.90000000000143,65,24105.9,23961.1,-48.65,-3162.25,Weekly_Expiry_Decay
23,WEEKLY_SHORT_DECAY_2,2026-07-02 09:20,2026-07-09 15:20,PE,True,SELL,NIFTY PE 24200,24200,Strategy_20,165.6,238.90000000000143,65,24105.9,23961.1,-73.3,-4764.5,Weekly_Expiry_Decay
24,MONTHLY_LONG_HEDGE,2026-07-14 09:20,2026-07-21 15:20,PE,False,BUY,NIFTY PE 24150,24150,Strategy_20,204.45,120.0,195,24121.4,24186.75,-253.35,-16467.75,Weekly_Rollover_Rebalance
24,WEEKLY_SHORT_DECAY_1,2026-07-14 09:20,2026-07-21 15:20,PE,True,SELL,NIFTY PE 24250,24250,Strategy_20,156.1,63.25,65,24121.4,24186.75,92.85,6035.25,Weekly_Expiry_Decay
24,WEEKLY_SHORT_DECAY_2,2026-07-14 09:20,2026-07-21 15:20,PE,True,SELL,NIFTY PE 24250,24250,Strategy_20,260.3,63.25,65,24121.4,24186.75,197.05,12808.25,Weekly_Expiry_Decay
