Cycle,Entry_Timestamp,Exit_Timestamp,Stance,Entry_Spot,Exit_Spot,Monthly_Long_Symbol,Monthly_Long_Status,Weekly_Short1_Strike,Weekly_Short1_PnL_Pts,Weekly_Short2_Strike,Weekly_Short2_PnL_Pts,Monthly_Long_PnL_Pts,Net_Cycle_PnL_Pts,Net_Cycle_PnL_Rs
1,2025-11-06 09:20,2025-11-13 15:20,PUT_CALENDAR,25673.15,25881.25,NIFTY PE 25700 (MONTHLY),MONTHLY_KEPT_OPEN (Week 1),25750,136.9,25800,164.95,0.0,301.85,19620.25
2,2025-11-13 09:20,2025-11-20 15:20,PUT_CALENDAR,25826.9,26196.6,NIFTY PE 25700 (MONTHLY),MONTHLY_KEPT_OPEN (Week 2),25900,147.2,26200,358.69999999999857,0.0,505.89999999999856,32883.499999999905
3,2025-11-20 09:20,2025-11-27 15:20,PUT_CALENDAR,26099.95,26226.2,NIFTY PE 25700 (MONTHLY),MONTHLY_KEPT_OPEN (Week 3),26150,142.9,26400,137.75000000000074,0.0,280.6500000000008,18242.25000000005
4,2025-11-27 09:20,2025-12-04 15:20,PUT_CALENDAR,26253.3,26032.5,NIFTY PE 25700 (CLOSED),MONTHLY_EXPIRED_AND_CLOSED (Held 4 Wks),26350,-170.1,26500,-220.8,-528.0,-918.9,-59728.5
5,2025-12-04 09:20,2025-12-11 15:20,PUT_CALENDAR,25948.6,25898.4,NIFTY PE 26050 (MONTHLY),MONTHLY_KEPT_OPEN (Week 1),26050,8.600000000001444,26300,-49.44999999999857,0.0,-40.849999999997124,-2655.249999999813
6,2025-12-11 09:20,2025-12-18 15:20,PUT_CALENDAR,25774.75,25818.85,NIFTY PE 26050 (MONTHLY),MONTHLY_KEPT_OPEN (Week 2),25800,137.3,26100,73.34999999999854,0.0,210.64999999999856,13692.249999999905
7,2025-12-18 09:20,2025-12-26 15:20,PUT_CALENDAR,25777.5,26041.0,NIFTY PE 26050 (MONTHLY),MONTHLY_KEPT_OPEN (Week 3),25900,160.7,26000,231.7,0.0,392.4,25506.0
8,2025-12-30 09:20,2026-01-06 15:20,PUT_CALENDAR,25890.55,26184.25,NIFTY PE 26050 (CLOSED),MONTHLY_EXPIRED_AND_CLOSED (Held 4 Wks),26000,153.15,26200,290.9,-598.8,-154.75,-10058.75
9,2026-01-06 09:20,2026-01-13 15:20,PUT_CALENDAR,26198.05,25730.9,NIFTY PE 26300 (MONTHLY),MONTHLY_KEPT_OPEN (Week 1),26300,-419.09999999999854,26300,-419.09999999999854,0.0,-838.1999999999971,-54482.99999999981
10,2026-01-13 09:20,2026-01-21 15:20,PUT_CALENDAR,25822.35,25154.25,NIFTY PE 26300 (MONTHLY),MONTHLY_KEPT_OPEN (Week 2),25850,-542.95,25950,-588.7,0.0,-1131.65,-73557.25
11,2026-01-22 09:20,2026-01-30 15:20,PUT_CALENDAR,25329.3,25326.3,NIFTY PE 26300 (MONTHLY),MONTHLY_KEPT_OPEN (Week 3),25400,87.34999999999928,25600,23.69999999999925,0.0,111.04999999999853,7218.2499999999045
12,2026-02-03 09:20,2026-02-10 15:20,PUT_CALENDAR,25852.25,25916.1,NIFTY PE 25500 (MONTHLY),MONTHLY_KEPT_OPEN (Week 1),25500,189.45,25900,344.95,0.0,534.4,34736.0
13,2026-02-10 09:20,2026-02-17 15:20,PUT_CALENDAR,25910.5,25728.65,NIFTY PE 25500 (MONTHLY),MONTHLY_KEPT_OPEN (Week 2),25950,-71.79999999999853,26050,-118.49999999999855,0.0,-190.29999999999708,-12369.49999999981
14,2026-02-17 09:20,2026-02-24 15:20,PUT_CALENDAR,25580.45,25438.95,NIFTY PE 25500 (MONTHLY),MONTHLY_KEPT_OPEN (Week 3),25550,37.95000000000073,25900,-101.04999999999927,0.0,-63.099999999998545,-4101.499999999905
15,2026-02-24 09:20,2026-03-04 15:20,PUT_CALENDAR,25571.75,24458.0,NIFTY PE 25500 (CLOSED),MONTHLY_EXPIRED_AND_CLOSED (Held 4 Wks),25700,-1092.6,25650,-986.25,2557.6499999999996,478.7999999999997,31121.99999999998
16,2026-03-05 09:20,2026-03-12 15:20,PUT_CALENDAR,24571.8,23643.0,NIFTY PE 24350 (MONTHLY),MONTHLY_KEPT_OPEN (Week 1),24300,-504.35,24950,-842.95,0.0,-1347.3000000000002,-87574.50000000001
17,2026-03-12 09:20,2026-03-19 15:20,PUT_CALENDAR,23594.35,23071.85,NIFTY PE 24350 (MONTHLY),MONTHLY_KEPT_OPEN (Week 2),23150,54.69999999999854,23900,-398.15000000000146,0.0,-343.4500000000029,-22324.25000000019
18,2026-03-19 09:20,2026-03-27 15:20,PUT_CALENDAR,23280.4,22819.0,NIFTY PE 24350 (MONTHLY),MONTHLY_KEPT_OPEN (Week 3),23050,-79.65,23600,-354.0,0.0,-433.65,-28187.25
19,2026-04-02 09:20,2026-04-10 15:20,PUT_CALENDAR,22229.2,24057.6,NIFTY PE 22000 (MONTHLY),MONTHLY_KEPT_OPEN (Week 1),21850,155.0,22550,464.7,0.0,619.7,40280.5
20,2026-04-16 09:20,2026-04-23 15:20,PUT_CALENDAR,24388.0,24170.55,NIFTY PE 22000 (MONTHLY),MONTHLY_KEPT_OPEN (Week 2),24250,65.19999999999928,24500,-69.05000000000075,0.0,-3.8500000000014722,-250.2500000000957
21,2026-04-23 09:20,2026-04-30 15:20,PUT_CALENDAR,24217.35,24002.45,NIFTY PE 22000 (MONTHLY),MONTHLY_KEPT_OPEN (Week 3),24050,101.05000000000072,24450,-86.24999999999926,0.0,14.80000000000146,962.0000000000949
22,2026-04-30 09:20,2026-05-08 15:20,PUT_CALENDAR,23921.45,24169.7,NIFTY PE 22000 (CLOSED),MONTHLY_EXPIRED_AND_CLOSED (Held 4 Wks),23850,155.15,24300,307.05000000000075,-1157.85,-695.6499999999992,-45217.24999999995
23,2026-05-12 09:20,2026-05-19 15:20,PUT_CALENDAR,23721.6,23609.6,NIFTY PE 23650 (MONTHLY),MONTHLY_KEPT_OPEN (Week 1),23850,-93.75000000000145,24200,-112.50000000000148,0.0,-206.25000000000293,-13406.250000000191
24,2026-05-19 09:20,2026-05-26 15:20,PUT_CALENDAR,23734.35,23912.85,NIFTY PE 23650 (MONTHLY),MONTHLY_KEPT_OPEN (Week 2),23500,156.9,24000,303.09999999999854,0.0,459.9999999999985,29899.999999999905
25,2026-05-26 09:20,2026-06-03 15:20,PUT_CALENDAR,24012.4,23402.85,NIFTY PE 23650 (CLOSED),MONTHLY_EXPIRED_AND_CLOSED (Held 3 Wks),23900,-356.5000000000015,24300,-538.4000000000015,145.05000000000433,-749.8499999999985,-48740.249999999905
26,2026-06-04 09:20,2026-06-11 15:20,PUT_CALENDAR,23349.7,23178.2,NIFTY PE 23250 (MONTHLY),MONTHLY_KEPT_OPEN (Week 1),23350,-11.599999999999284,23550,-103.24999999999926,0.0,-114.84999999999854,-7465.249999999905
27,2026-06-11 09:20,2026-06-18 15:20,PUT_CALENDAR,23126.9,24177.8,NIFTY PE 23250 (MONTHLY),MONTHLY_KEPT_OPEN (Week 2),23100,150.5,23500,413.15,0.0,563.65,36637.25
28,2026-06-18 09:20,2026-06-25 15:20,PUT_CALENDAR,24085.8,24048.75,NIFTY PE 23250 (MONTHLY),MONTHLY_KEPT_OPEN (Week 3),24100,91.75,24200,50.150000000000006,0.0,141.9,9223.5
29,2026-06-25 09:20,2026-07-03 15:20,PUT_CALENDAR,24135.6,24272.7,NIFTY PE 23250 (CLOSED),MONTHLY_EXPIRED_AND_CLOSED (Held 4 Wks),24200,151.85,24300,189.95000000000073,-585.1500000000001,-243.34999999999934,-15817.749999999956
30,2026-07-07 09:20,2026-07-14 15:20,PUT_CALENDAR,24466.55,24045.75,NIFTY PE 24550 (MONTHLY),MONTHLY_KEPT_OPEN (Week 1),24500,-298.9,24600,-343.5,0.0,-642.4,-41756.0
31,2026-07-14 09:20,2026-07-21 15:20,PUT_CALENDAR,24121.4,24186.75,NIFTY PE 24550 (MONTHLY),MONTHLY_KEPT_OPEN (Week 2),24250,92.85,24250,197.05,0.0,289.9,18843.5
32,2026-07-21 09:20,2026-07-28 15:20,PUT_CALENDAR,24247.85,24002.5,NIFTY PE 24550 (MONTHLY),MONTHLY_KEPT_OPEN (Week 3),24200,-51.30000000000001,24350,-126.1,0.0,-177.4,-11531.0
