Cycle,Entry_Timestamp,Exit_Timestamp,Stance,Entry_Spot,Exit_Spot,Long_Strike,Long_Entry_Px,Long_Exit_Px,Short1_Strike,Short1_Entry_Px,Short1_Exit_Px,Short2_Strike,Short2_Entry_Px,Short2_Exit_Px,Net_Cycle_PnL_Pts,Net_Cycle_PnL_Rs,cum_pnl,peak,drawdown
1,2025-11-06 09:20,2025-11-13 15:20,CALL_CALENDAR,25673.15,25881.25,25600,199.15,401.25,25700,138.55,181.25,25400,356.45,481.25,438.7999999999999,28521.999999999993,438.7999999999999,438.7999999999999,0.0
2,2025-11-18 09:20,2025-11-25 15:20,CALL_CALENDAR,25951.15,25878.35,25950,187.55,120.0,26000,160.65,0.0,25700,353.65,178.34999999999854,133.3000000000014,8664.500000000091,572.1000000000013,572.1000000000013,0.0
3,2025-11-27 09:20,2025-12-04 15:20,CALL_CALENDAR,26253.3,26032.5,26300,211.65,120.0,26250,144.55,0.0,26000,329.3,32.5,166.39999999999998,10815.999999999998,738.5000000000013,738.5000000000013,0.0
4,2025-12-09 09:20,2025-12-16 15:20,CALL_CALENDAR,25803.15,25841.45,25800,188.05,161.45000000000073,25850,160.4,0.0,25600,286.55,241.45000000000073,125.70000000000144,8170.500000000094,864.2000000000027,864.2000000000027,0.0
5,2025-12-18 09:20,2025-12-26 15:20,CALL_CALENDAR,25777.5,26041.0,25800,194.35,361.0,25750,141.4,291.0,25600,245.25,441.0,154.60000000000002,10049.000000000002,1018.8000000000027,1018.8000000000027,0.0
6,2025-12-30 09:20,2026-01-06 15:20,CALL_CALENDAR,25890.55,26184.25,25900,143.0,404.25,25900,143.0,284.25,25700,279.85,484.25,438.1,28476.5,1456.9000000000028,1456.9000000000028,0.0
7,2026-01-08 09:20,2026-01-16 15:20,CALL_CALENDAR,26108.75,25695.9,26100,185.0,120.0,26000,166.55,0.0,25800,334.3,0.0,305.85,19880.25,1762.7500000000027,1762.7500000000027,0.0
8,2026-01-20 09:20,2026-01-28 15:20,CALL_CALENDAR,25553.1,25348.1,25500,193.8,120.0,25600,137.15,0.0,25200,415.15,148.09999999999854,182.8000000000014,11882.000000000091,1945.550000000004,1945.550000000004,0.0
9,2026-01-29 09:20,2026-02-04 15:20,CALL_CALENDAR,25261.2,25766.85,25400,226.9,486.84999999999854,25400,146.85,366.84999999999854,25000,381.85,766.8499999999985,174.84999999999866,11365.249999999913,2120.400000000003,2120.400000000003,0.0
10,2026-02-05 09:20,2026-02-12 15:20,CALL_CALENDAR,25702.2,25807.3,25750,206.55,177.29999999999927,25700,151.85,107.29999999999927,25400,357.9,407.2999999999993,-92.60000000000079,-6019.000000000051,2027.800000000002,2120.400000000003,-92.60000000000082
11,2026-02-17 09:20,2026-02-24 15:20,CALL_CALENDAR,25580.45,25438.95,25550,189.45,120.0,25600,161.0,0.0,25600,161.0,0.0,113.65000000000003,7387.250000000002,2141.450000000002,2141.450000000002,0.0
12,2026-02-26 09:20,2026-03-06 15:20,CALL_CALENDAR,25532.15,24453.05,25600,217.25,120.0,25500,163.35,0.0,25250,350.25,0.0,221.85,14420.25,2363.300000000002,2363.300000000002,0.0
13,2026-03-10 09:20,2026-03-17 15:20,CALL_CALENDAR,24159.4,23574.95,24300,260.9,120.0,24050,161.0,0.0,23800,372.95,0.0,111.25000000000006,7231.250000000004,2474.550000000002,2474.550000000002,0.0
14,2026-03-19 09:20,2026-03-27 15:20,CALL_CALENDAR,23280.4,22819.0,23550,209.5,120.0,23400,157.7,0.0,23000,397.65,0.0,286.84999999999997,18645.249999999996,2761.400000000002,2761.400000000002,0.0
15,2026-04-02 09:20,2026-04-10 15:20,CALL_CALENDAR,22229.2,24057.6,22400,408.15,1777.5999999999985,22600,153.65,1457.5999999999985,22000,456.45,2057.5999999999985,1203.249999999998,78211.24999999987,3964.6499999999996,3964.6499999999996,0.0
16,2026-04-16 09:20,2026-04-23 15:20,CALL_CALENDAR,24388.0,24170.55,24400,286.95,120.0,24450,152.45,0.0,24000,445.0,170.54999999999927,-73.94999999999925,-4806.749999999951,3890.7000000000003,3964.6499999999996,-73.94999999999936
17,2026-04-28 09:20,2026-05-06 15:20,CALL_CALENDAR,24098.25,24321.7,24200,190.25,241.70000000000073,24300,147.05,21.700000000000728,23950,326.55,371.7000000000007,234.55000000000075,15245.75000000005,4125.250000000001,4125.250000000001,0.0
18,2026-05-07 09:20,2026-05-14 15:20,CALL_CALENDAR,24317.9,23681.6,24450,230.0,120.0,24400,151.0,0.0,24050,364.5,0.0,185.5,12057.5,4310.750000000001,4310.750000000001,0.0
19,2026-05-19 09:20,2026-05-26 15:20,CALL_CALENDAR,23734.35,23912.85,23800,203.8,232.84999999999854,23600,155.85,312.84999999999854,23400,337.8,512.8499999999985,-244.90000000000148,-15918.500000000096,4065.8499999999995,4310.750000000001,-244.90000000000146
20,2026-06-02 09:20,2026-06-09 15:20,CALL_CALENDAR,23287.1,23233.1,23350,202.0,120.0,23450,155.6,0.0,23100,318.45,133.09999999999854,94.95000000000144,6171.750000000094,4160.800000000001,4310.750000000001,-149.94999999999982
21,2026-06-11 09:20,2026-06-18 15:20,CALL_CALENDAR,23126.9,24177.8,23250,202.25,1047.7999999999993,23150,155.35,1027.7999999999993,22900,308.0,1277.7999999999993,694.3999999999992,45135.99999999995,4855.200000000001,4855.200000000001,0.0
22,2026-06-23 09:20,2026-07-01 15:20,CALL_CALENDAR,24090.6,23995.15,24000,201.6,120.0,24100,144.85,0.0,23900,267.8,95.15000000000146,72.69999999999857,4725.499999999907,4927.9,4927.9,0.0
23,2026-07-02 09:20,2026-07-09 15:20,CALL_CALENDAR,24105.9,23961.1,24150,204.0,120.0,24100,143.65,0.0,23950,240.75,11.099999999998545,121.30000000000146,7884.500000000095,5049.200000000001,5049.200000000001,0.0
24,2026-07-14 09:20,2026-07-21 15:20,CALL_CALENDAR,24121.4,24186.75,24100,194.8,206.75,24200,144.25,0.0,24000,252.35,186.75,245.69999999999996,15970.499999999998,5294.900000000001,5294.900000000001,0.0
