Cycle,Leg,Entry_Timestamp,Exit_Timestamp,Action,Contract_Symbol,Strike,Qty_Traded,Entry_Spot_Price,Exit_Spot_Price,Entry_Contract_Price,Exit_Contract_Price,Leg_PnL_Points,Leg_PnL_Rupees,How_To_Cross_Verify
1,MONTHLY_LONG_HEDGE,06/11/2025 09:20,13/11/2025 15:20,BUY,NIFTY PE 25700,25700,195,25673.15,25881.25,176,120,-168,-10920,Step 1: Check Nifty Spot on 2025-11-06 09:20 = 25673.15. Step 2: Check NIFTY PE 25700 price on 2025-11-06 09:20 = 176.0. Step 3: Check NIFTY PE 25700 price on 2025-11-13 15:20 = 120.0. Step 4: PnL = (120.0 - 176.0) * 195 = ₹-10920.0.
1,WEEKLY_SHORT_DECAY_1,06/11/2025 09:20,13/11/2025 15:20,SELL,NIFTY PE 25750,25750,65,25673.15,25881.25,136.9,0,136.9,8898.5,Step 1: Check Nifty Spot on 2025-11-06 09:20 = 25673.15. Step 2: Check NIFTY PE 25750 price on 2025-11-06 09:20 = 136.9. Step 3: Check NIFTY PE 25750 price on 2025-11-13 15:20 = 0.0. Step 4: PnL = (0.0 - 136.9) * 65 = ₹8898.5.
1,WEEKLY_SHORT_DECAY_2,06/11/2025 09:20,13/11/2025 15:20,SELL,NIFTY PE 25800,25800,65,25673.15,25881.25,164.95,0,164.95,10721.75,Step 1: Check Nifty Spot on 2025-11-06 09:20 = 25673.15. Step 2: Check NIFTY PE 25800 price on 2025-11-06 09:20 = 164.95. Step 3: Check NIFTY PE 25800 price on 2025-11-13 15:20 = 0.0. Step 4: PnL = (0.0 - 164.95) * 65 = ₹10721.75.
2,MONTHLY_LONG_HEDGE,18/11/2025 09:20,25/11/2025 15:20,BUY,NIFTY PE 26000,26000,195,25951.15,25878.35,173.05,241.65,205.8,13377,Step 1: Check Nifty Spot on 2025-11-18 09:20 = 25951.15. Step 2: Check NIFTY PE 26000 price on 2025-11-18 09:20 = 173.05. Step 3: Check NIFTY PE 26000 price on 2025-11-25 15:20 = 241.65000000000143. Step 4: PnL = (241.65000000000143 - 173.05) * 195 = ₹13377.0.
2,WEEKLY_SHORT_DECAY_1,18/11/2025 09:20,25/11/2025 15:20,SELL,NIFTY PE 25950,25950,65,25951.15,25878.35,149.1,71.65,77.45,5034.25,Step 1: Check Nifty Spot on 2025-11-18 09:20 = 25951.15. Step 2: Check NIFTY PE 25950 price on 2025-11-18 09:20 = 149.1. Step 3: Check NIFTY PE 25950 price on 2025-11-25 15:20 = 71.65000000000146. Step 4: PnL = (71.65000000000146 - 149.1) * 65 = ₹5034.25.
2,WEEKLY_SHORT_DECAY_2,18/11/2025 09:20,25/11/2025 15:20,SELL,NIFTY PE 26200,26200,65,25951.15,25878.35,255.1,321.65,-66.55,-4325.75,Step 1: Check Nifty Spot on 2025-11-18 09:20 = 25951.15. Step 2: Check NIFTY PE 26200 price on 2025-11-18 09:20 = 255.1. Step 3: Check NIFTY PE 26200 price on 2025-11-25 15:20 = 321.65000000000146. Step 4: PnL = (321.65000000000146 - 255.1) * 65 = ₹-4325.75.
3,MONTHLY_LONG_HEDGE,27/11/2025 09:20,04/12/2025 15:20,BUY,NIFTY PE 26350,26350,195,26253.3,26032.5,194.75,437.5,728.25,47336.25,Step 1: Check Nifty Spot on 2025-11-27 09:20 = 26253.3. Step 2: Check NIFTY PE 26350 price on 2025-11-27 09:20 = 194.75. Step 3: Check NIFTY PE 26350 price on 2025-12-04 15:20 = 437.5. Step 4: PnL = (437.5 - 194.75) * 195 = ₹47336.25.
3,WEEKLY_SHORT_DECAY_1,27/11/2025 09:20,04/12/2025 15:20,SELL,NIFTY PE 26350,26350,65,26253.3,26032.5,147.4,317.5,-170.1,-11056.5,Step 1: Check Nifty Spot on 2025-11-27 09:20 = 26253.3. Step 2: Check NIFTY PE 26350 price on 2025-11-27 09:20 = 147.4. Step 3: Check NIFTY PE 26350 price on 2025-12-04 15:20 = 317.5. Step 4: PnL = (317.5 - 147.4) * 65 = ₹-11056.5.
3,WEEKLY_SHORT_DECAY_2,27/11/2025 09:20,04/12/2025 15:20,SELL,NIFTY PE 26500,26500,65,26253.3,26032.5,246.7,467.5,-220.8,-14352,Step 1: Check Nifty Spot on 2025-11-27 09:20 = 26253.3. Step 2: Check NIFTY PE 26500 price on 2025-11-27 09:20 = 246.7. Step 3: Check NIFTY PE 26500 price on 2025-12-04 15:20 = 467.5. Step 4: PnL = (467.5 - 246.7) * 65 = ₹-14352.0.
4,MONTHLY_LONG_HEDGE,09/12/2025 09:20,16/12/2025 15:20,BUY,NIFTY PE 25950,25950,195,25803.15,25841.45,195,228.55,100.65,6542.25,Step 1: Check Nifty Spot on 2025-12-09 09:20 = 25803.15. Step 2: Check NIFTY PE 25950 price on 2025-12-09 09:20 = 195.0. Step 3: Check NIFTY PE 25950 price on 2025-12-16 15:20 = 228.54999999999927. Step 4: PnL = (228.54999999999927 - 195.0) * 195 = ₹6542.25.
4,WEEKLY_SHORT_DECAY_1,09/12/2025 09:20,16/12/2025 15:20,SELL,NIFTY PE 25950,25950,65,25803.15,25841.45,152.75,108.55,44.2,2873,Step 1: Check Nifty Spot on 2025-12-09 09:20 = 25803.15. Step 2: Check NIFTY PE 25950 price on 2025-12-09 09:20 = 152.75. Step 3: Check NIFTY PE 25950 price on 2025-12-16 15:20 = 108.54999999999929. Step 4: PnL = (108.54999999999929 - 152.75) * 65 = ₹2873.0.
4,WEEKLY_SHORT_DECAY_2,09/12/2025 09:20,16/12/2025 15:20,SELL,NIFTY PE 26150,26150,65,25803.15,25841.45,338,308.55,29.45,1914.25,Step 1: Check Nifty Spot on 2025-12-09 09:20 = 25803.15. Step 2: Check NIFTY PE 26150 price on 2025-12-09 09:20 = 338.0. Step 3: Check NIFTY PE 26150 price on 2025-12-16 15:20 = 308.5499999999993. Step 4: PnL = (308.5499999999993 - 338.0) * 65 = ₹1914.25.
5,MONTHLY_LONG_HEDGE,18/12/2025 09:20,26/12/2025 15:20,BUY,NIFTY PE 25900,25900,195,25777.5,26041,191.3,120,-213.9,-13903.5,Step 1: Check Nifty Spot on 2025-12-18 09:20 = 25777.5. Step 2: Check NIFTY PE 25900 price on 2025-12-18 09:20 = 191.3. Step 3: Check NIFTY PE 25900 price on 2025-12-26 15:20 = 120.0. Step 4: PnL = (120.0 - 191.3) * 195 = ₹-13903.5.
5,WEEKLY_SHORT_DECAY_1,18/12/2025 09:20,26/12/2025 15:20,SELL,NIFTY PE 25900,25900,65,25777.5,26041,160.7,0,160.7,10445.5,Step 1: Check Nifty Spot on 2025-12-18 09:20 = 25777.5. Step 2: Check NIFTY PE 25900 price on 2025-12-18 09:20 = 160.7. Step 3: Check NIFTY PE 25900 price on 2025-12-26 15:20 = 0.0. Step 4: PnL = (0.0 - 160.7) * 65 = ₹10445.5.
5,WEEKLY_SHORT_DECAY_2,18/12/2025 09:20,26/12/2025 15:20,SELL,NIFTY PE 26000,26000,65,25777.5,26041,231.7,0,231.7,15060.5,Step 1: Check Nifty Spot on 2025-12-18 09:20 = 25777.5. Step 2: Check NIFTY PE 26000 price on 2025-12-18 09:20 = 231.7. Step 3: Check NIFTY PE 26000 price on 2025-12-26 15:20 = 0.0. Step 4: PnL = (0.0 - 231.7) * 65 = ₹15060.5.
6,MONTHLY_LONG_HEDGE,30/12/2025 09:20,06/01/2026 15:20,BUY,NIFTY PE 26050,26050,195,25890.55,26184.25,184.15,120,-192.45,-12509.25,Step 1: Check Nifty Spot on 2025-12-30 09:20 = 25890.55. Step 2: Check NIFTY PE 26050 price on 2025-12-30 09:20 = 184.15. Step 3: Check NIFTY PE 26050 price on 2026-01-06 15:20 = 120.0. Step 4: PnL = (120.0 - 184.15) * 195 = ₹-12509.25.
6,WEEKLY_SHORT_DECAY_1,30/12/2025 09:20,06/01/2026 15:20,SELL,NIFTY PE 26000,26000,65,25890.55,26184.25,153.15,0,153.15,9954.75,Step 1: Check Nifty Spot on 2025-12-30 09:20 = 25890.55. Step 2: Check NIFTY PE 26000 price on 2025-12-30 09:20 = 153.15. Step 3: Check NIFTY PE 26000 price on 2026-01-06 15:20 = 0.0. Step 4: PnL = (0.0 - 153.15) * 65 = ₹9954.75.
6,WEEKLY_SHORT_DECAY_2,30/12/2025 09:20,06/01/2026 15:20,SELL,NIFTY PE 26200,26200,65,25890.55,26184.25,306.65,15.75,290.9,18908.5,Step 1: Check Nifty Spot on 2025-12-30 09:20 = 25890.55. Step 2: Check NIFTY PE 26200 price on 2025-12-30 09:20 = 306.65. Step 3: Check NIFTY PE 26200 price on 2026-01-06 15:20 = 15.75. Step 4: PnL = (15.75 - 306.65) * 65 = ₹18908.5.
7,MONTHLY_LONG_HEDGE,08/01/2026 09:20,16/01/2026 15:20,BUY,NIFTY PE 26200,26200,195,26108.75,25695.9,169.1,624.1,1365,88725,Step 1: Check Nifty Spot on 2026-01-08 09:20 = 26108.75. Step 2: Check NIFTY PE 26200 price on 2026-01-08 09:20 = 169.1. Step 3: Check NIFTY PE 26200 price on 2026-01-16 15:20 = 624.0999999999985. Step 4: PnL = (624.0999999999985 - 169.1) * 195 = ₹88725.0.
7,WEEKLY_SHORT_DECAY_1,08/01/2026 09:20,16/01/2026 15:20,SELL,NIFTY PE 26200,26200,65,26108.75,25695.9,134.2,504.1,-369.9,-24043.5,Step 1: Check Nifty Spot on 2026-01-08 09:20 = 26108.75. Step 2: Check NIFTY PE 26200 price on 2026-01-08 09:20 = 134.2. Step 3: Check NIFTY PE 26200 price on 2026-01-16 15:20 = 504.09999999999854. Step 4: PnL = (504.09999999999854 - 134.2) * 65 = ₹-24043.5.
7,WEEKLY_SHORT_DECAY_2,08/01/2026 09:20,16/01/2026 15:20,SELL,NIFTY PE 26200,26200,65,26108.75,25695.9,134.2,504.1,-369.9,-24043.5,Step 1: Check Nifty Spot on 2026-01-08 09:20 = 26108.75. Step 2: Check NIFTY PE 26200 price on 2026-01-08 09:20 = 134.2. Step 3: Check NIFTY PE 26200 price on 2026-01-16 15:20 = 504.09999999999854. Step 4: PnL = (504.09999999999854 - 134.2) * 65 = ₹-24043.5.
8,MONTHLY_LONG_HEDGE,20/01/2026 09:20,28/01/2026 15:20,BUY,NIFTY PE 25750,25750,195,25553.1,25348.1,208,521.9,941.7,61210.5,Step 1: Check Nifty Spot on 2026-01-20 09:20 = 25553.1. Step 2: Check NIFTY PE 25750 price on 2026-01-20 09:20 = 208.0. Step 3: Check NIFTY PE 25750 price on 2026-01-28 15:20 = 521.9000000000015. Step 4: PnL = (521.9000000000015 - 208.0) * 195 = ₹61210.5.
8,WEEKLY_SHORT_DECAY_1,20/01/2026 09:20,28/01/2026 15:20,SELL,NIFTY PE 25600,25600,65,25553.1,25348.1,159,251.9,-92.9,-6038.5,Step 1: Check Nifty Spot on 2026-01-20 09:20 = 25553.1. Step 2: Check NIFTY PE 25600 price on 2026-01-20 09:20 = 159.0. Step 3: Check NIFTY PE 25600 price on 2026-01-28 15:20 = 251.90000000000143. Step 4: PnL = (251.90000000000143 - 159.0) * 65 = ₹-6038.5.
8,WEEKLY_SHORT_DECAY_2,20/01/2026 09:20,28/01/2026 15:20,SELL,NIFTY PE 25800,25800,65,25553.1,25348.1,254.55,451.9,-197.35,-12827.75,Step 1: Check Nifty Spot on 2026-01-20 09:20 = 25553.1. Step 2: Check NIFTY PE 25800 price on 2026-01-20 09:20 = 254.55. Step 3: Check NIFTY PE 25800 price on 2026-01-28 15:20 = 451.9000000000015. Step 4: PnL = (451.9000000000015 - 254.55) * 65 = ₹-12827.75.
9,MONTHLY_LONG_HEDGE,29/01/2026 09:20,04/02/2026 15:20,BUY,NIFTY PE 25200,25200,195,25261.2,25766.85,213,120,-279,-18135,Step 1: Check Nifty Spot on 2026-01-29 09:20 = 25261.2. Step 2: Check NIFTY PE 25200 price on 2026-01-29 09:20 = 213.0. Step 3: Check NIFTY PE 25200 price on 2026-02-04 15:20 = 120.0. Step 4: PnL = (120.0 - 213.0) * 195 = ₹-18135.0.
9,WEEKLY_SHORT_DECAY_1,29/01/2026 09:20,04/02/2026 15:20,SELL,NIFTY PE 25150,25150,65,25261.2,25766.85,141.35,0,141.35,9187.75,Step 1: Check Nifty Spot on 2026-01-29 09:20 = 25261.2. Step 2: Check NIFTY PE 25150 price on 2026-01-29 09:20 = 141.35. Step 3: Check NIFTY PE 25150 price on 2026-02-04 15:20 = 0.0. Step 4: PnL = (0.0 - 141.35) * 65 = ₹9187.75.
9,WEEKLY_SHORT_DECAY_2,29/01/2026 09:20,04/02/2026 15:20,SELL,NIFTY PE 25500,25500,65,25261.2,25766.85,320.4,0,320.4,20826,Step 1: Check Nifty Spot on 2026-01-29 09:20 = 25261.2. Step 2: Check NIFTY PE 25500 price on 2026-01-29 09:20 = 320.4. Step 3: Check NIFTY PE 25500 price on 2026-02-04 15:20 = 0.0. Step 4: PnL = (0.0 - 320.4) * 65 = ₹20826.0.
10,MONTHLY_LONG_HEDGE,05/02/2026 09:20,12/02/2026 15:20,BUY,NIFTY PE 25700,25700,195,25702.2,25807.3,194.7,120,-224.1,-14566.5,Step 1: Check Nifty Spot on 2026-02-05 09:20 = 25702.2. Step 2: Check NIFTY PE 25700 price on 2026-02-05 09:20 = 194.7. Step 3: Check NIFTY PE 25700 price on 2026-02-12 15:20 = 120.0. Step 4: PnL = (120.0 - 194.7) * 195 = ₹-14566.5.
10,WEEKLY_SHORT_DECAY_1,05/02/2026 09:20,12/02/2026 15:20,SELL,NIFTY PE 25700,25700,65,25702.2,25807.3,139.6,0,139.6,9074,Step 1: Check Nifty Spot on 2026-02-05 09:20 = 25702.2. Step 2: Check NIFTY PE 25700 price on 2026-02-05 09:20 = 139.6. Step 3: Check NIFTY PE 25700 price on 2026-02-12 15:20 = 0.0. Step 4: PnL = (0.0 - 139.6) * 65 = ₹9074.0.
10,WEEKLY_SHORT_DECAY_2,05/02/2026 09:20,12/02/2026 15:20,SELL,NIFTY PE 25800,25800,65,25702.2,25807.3,192.8,0,192.8,12532,Step 1: Check Nifty Spot on 2026-02-05 09:20 = 25702.2. Step 2: Check NIFTY PE 25800 price on 2026-02-05 09:20 = 192.8. Step 3: Check NIFTY PE 25800 price on 2026-02-12 15:20 = 0.0. Step 4: PnL = (0.0 - 192.8) * 65 = ₹12532.0.
11,MONTHLY_LONG_HEDGE,17/02/2026 09:20,24/02/2026 15:20,BUY,NIFTY PE 25650,25650,195,25580.45,25438.95,195.4,331.05,406.95,26451.75,Step 1: Check Nifty Spot on 2026-02-17 09:20 = 25580.45. Step 2: Check NIFTY PE 25650 price on 2026-02-17 09:20 = 195.4. Step 3: Check NIFTY PE 25650 price on 2026-02-24 15:20 = 331.0499999999993. Step 4: PnL = (331.0499999999993 - 195.4) * 195 = ₹26451.75.
11,WEEKLY_SHORT_DECAY_1,17/02/2026 09:20,24/02/2026 15:20,SELL,NIFTY PE 25550,25550,65,25580.45,25438.95,149,111.05,37.95,2466.75,Step 1: Check Nifty Spot on 2026-02-17 09:20 = 25580.45. Step 2: Check NIFTY PE 25550 price on 2026-02-17 09:20 = 149.0. Step 3: Check NIFTY PE 25550 price on 2026-02-24 15:20 = 111.04999999999929. Step 4: PnL = (111.04999999999929 - 149.0) * 65 = ₹2466.75.
11,WEEKLY_SHORT_DECAY_2,17/02/2026 09:20,24/02/2026 15:20,SELL,NIFTY PE 25900,25900,65,25580.45,25438.95,360,461.05,-101.05,-6568.25,Step 1: Check Nifty Spot on 2026-02-17 09:20 = 25580.45. Step 2: Check NIFTY PE 25900 price on 2026-02-17 09:20 = 360.0. Step 3: Check NIFTY PE 25900 price on 2026-02-24 15:20 = 461.0499999999993. Step 4: PnL = (461.0499999999993 - 360.0) * 65 = ₹-6568.25.
12,MONTHLY_LONG_HEDGE,26/02/2026 09:20,06/03/2026 15:20,BUY,NIFTY PE 25550,25550,195,25532.15,24453.05,197.7,1216.95,3057.75,198753.75,Step 1: Check Nifty Spot on 2026-02-26 09:20 = 25532.15. Step 2: Check NIFTY PE 25550 price on 2026-02-26 09:20 = 197.7. Step 3: Check NIFTY PE 25550 price on 2026-03-06 15:20 = 1216.9500000000007. Step 4: PnL = (1216.9500000000007 - 197.7) * 195 = ₹198753.75.
12,WEEKLY_SHORT_DECAY_1,26/02/2026 09:20,06/03/2026 15:20,SELL,NIFTY PE 25600,25600,65,25532.15,24453.05,149.55,1146.95,-997.4,-64831,Step 1: Check Nifty Spot on 2026-02-26 09:20 = 25532.15. Step 2: Check NIFTY PE 25600 price on 2026-02-26 09:20 = 149.55. Step 3: Check NIFTY PE 25600 price on 2026-03-06 15:20 = 1146.9500000000007. Step 4: PnL = (1146.9500000000007 - 149.55) * 65 = ₹-64831.0.
12,WEEKLY_SHORT_DECAY_2,26/02/2026 09:20,06/03/2026 15:20,SELL,NIFTY PE 25950,25950,65,25532.15,24453.05,400.6,1496.95,-1096.35,-71262.75,Step 1: Check Nifty Spot on 2026-02-26 09:20 = 25532.15. Step 2: Check NIFTY PE 25950 price on 2026-02-26 09:20 = 400.6. Step 3: Check NIFTY PE 25950 price on 2026-03-06 15:20 = 1496.9500000000007. Step 4: PnL = (1496.9500000000007 - 400.6) * 65 = ₹-71262.75.
13,MONTHLY_LONG_HEDGE,10/03/2026 09:20,17/03/2026 15:20,BUY,NIFTY PE 23900,23900,195,24159.4,23574.95,249.5,445.05,586.65,38132.25,Step 1: Check Nifty Spot on 2026-03-10 09:20 = 24159.4. Step 2: Check NIFTY PE 23900 price on 2026-03-10 09:20 = 249.5. Step 3: Check NIFTY PE 23900 price on 2026-03-17 15:20 = 445.0499999999993. Step 4: PnL = (445.0499999999993 - 249.5) * 195 = ₹38132.25.
13,WEEKLY_SHORT_DECAY_1,10/03/2026 09:20,17/03/2026 15:20,SELL,NIFTY PE 23900,23900,65,24159.4,23574.95,249.5,325.05,-75.55,-4910.75,Step 1: Check Nifty Spot on 2026-03-10 09:20 = 24159.4. Step 2: Check NIFTY PE 23900 price on 2026-03-10 09:20 = 249.5. Step 3: Check NIFTY PE 23900 price on 2026-03-17 15:20 = 325.0499999999993. Step 4: PnL = (325.0499999999993 - 249.5) * 65 = ₹-4910.75.
13,WEEKLY_SHORT_DECAY_2,10/03/2026 09:20,17/03/2026 15:20,SELL,NIFTY PE 24300,24300,65,24159.4,23574.95,375.65,725.05,-349.4,-22711,Step 1: Check Nifty Spot on 2026-03-10 09:20 = 24159.4. Step 2: Check NIFTY PE 24300 price on 2026-03-10 09:20 = 375.65. Step 3: Check NIFTY PE 24300 price on 2026-03-17 15:20 = 725.0499999999993. Step 4: PnL = (725.0499999999993 - 375.65) * 65 = ₹-22711.0.
14,MONTHLY_LONG_HEDGE,19/03/2026 09:20,27/03/2026 15:20,BUY,NIFTY PE 23050,23050,195,23280.4,22819,257.55,351,280.35,18222.75,Step 1: Check Nifty Spot on 2026-03-19 09:20 = 23280.4. Step 2: Check NIFTY PE 23050 price on 2026-03-19 09:20 = 257.55. Step 3: Check NIFTY PE 23050 price on 2026-03-27 15:20 = 351.0. Step 4: PnL = (351.0 - 257.55) * 195 = ₹18222.75.
14,WEEKLY_SHORT_DECAY_1,19/03/2026 09:20,27/03/2026 15:20,SELL,NIFTY PE 23050,23050,65,23280.4,22819,151.35,231,-79.65,-5177.25,Step 1: Check Nifty Spot on 2026-03-19 09:20 = 23280.4. Step 2: Check NIFTY PE 23050 price on 2026-03-19 09:20 = 151.35. Step 3: Check NIFTY PE 23050 price on 2026-03-27 15:20 = 231.0. Step 4: PnL = (231.0 - 151.35) * 65 = ₹-5177.25.
14,WEEKLY_SHORT_DECAY_2,19/03/2026 09:20,27/03/2026 15:20,SELL,NIFTY PE 23600,23600,65,23280.4,22819,427,781,-354,-23010,Step 1: Check Nifty Spot on 2026-03-19 09:20 = 23280.4. Step 2: Check NIFTY PE 23600 price on 2026-03-19 09:20 = 427.0. Step 3: Check NIFTY PE 23600 price on 2026-03-27 15:20 = 781.0. Step 4: PnL = (781.0 - 427.0) * 65 = ₹-23010.0.
15,MONTHLY_LONG_HEDGE,02/04/2026 09:20,10/04/2026 15:20,BUY,NIFTY PE 22000,22000,195,22229.2,24057.6,385.95,120,-797.85,-51860.25,Step 1: Check Nifty Spot on 2026-04-02 09:20 = 22229.2. Step 2: Check NIFTY PE 22000 price on 2026-04-02 09:20 = 385.95. Step 3: Check NIFTY PE 22000 price on 2026-04-10 15:20 = 120.0. Step 4: PnL = (120.0 - 385.95) * 195 = ₹-51860.25.
15,WEEKLY_SHORT_DECAY_1,02/04/2026 09:20,10/04/2026 15:20,SELL,NIFTY PE 21850,21850,65,22229.2,24057.6,155,0,155,10075,Step 1: Check Nifty Spot on 2026-04-02 09:20 = 22229.2. Step 2: Check NIFTY PE 21850 price on 2026-04-02 09:20 = 155.0. Step 3: Check NIFTY PE 21850 price on 2026-04-10 15:20 = 0.0. Step 4: PnL = (0.0 - 155.0) * 65 = ₹10075.0.
15,WEEKLY_SHORT_DECAY_2,02/04/2026 09:20,10/04/2026 15:20,SELL,NIFTY PE 22550,22550,65,22229.2,24057.6,464.7,0,464.7,30205.5,Step 1: Check Nifty Spot on 2026-04-02 09:20 = 22229.2. Step 2: Check NIFTY PE 22550 price on 2026-04-02 09:20 = 464.7. Step 3: Check NIFTY PE 22550 price on 2026-04-10 15:20 = 0.0. Step 4: PnL = (0.0 - 464.7) * 65 = ₹30205.5.
16,MONTHLY_LONG_HEDGE,16/04/2026 09:20,23/04/2026 15:20,BUY,NIFTY PE 24100,24100,195,24388,24170.55,194.55,120,-223.65,-14537.25,Step 1: Check Nifty Spot on 2026-04-16 09:20 = 24388.0. Step 2: Check NIFTY PE 24100 price on 2026-04-16 09:20 = 194.55. Step 3: Check NIFTY PE 24100 price on 2026-04-23 15:20 = 120.0. Step 4: PnL = (120.0 - 194.55) * 195 = ₹-14537.25.
16,WEEKLY_SHORT_DECAY_1,16/04/2026 09:20,23/04/2026 15:20,SELL,NIFTY PE 24250,24250,65,24388,24170.55,144.65,79.45,65.2,4238,Step 1: Check Nifty Spot on 2026-04-16 09:20 = 24388.0. Step 2: Check NIFTY PE 24250 price on 2026-04-16 09:20 = 144.65. Step 3: Check NIFTY PE 24250 price on 2026-04-23 15:20 = 79.45000000000073. Step 4: PnL = (79.45000000000073 - 144.65) * 65 = ₹4238.0.
16,WEEKLY_SHORT_DECAY_2,16/04/2026 09:20,23/04/2026 15:20,SELL,NIFTY PE 24500,24500,65,24388,24170.55,260.4,329.45,-69.05,-4488.25,Step 1: Check Nifty Spot on 2026-04-16 09:20 = 24388.0. Step 2: Check NIFTY PE 24500 price on 2026-04-16 09:20 = 260.4. Step 3: Check NIFTY PE 24500 price on 2026-04-23 15:20 = 329.4500000000007. Step 4: PnL = (329.4500000000007 - 260.4) * 65 = ₹-4488.25.
17,MONTHLY_LONG_HEDGE,28/04/2026 09:20,06/05/2026 15:20,BUY,NIFTY PE 24050,24050,195,24098.25,24321.7,209.4,120,-268.2,-17433,Step 1: Check Nifty Spot on 2026-04-28 09:20 = 24098.25. Step 2: Check NIFTY PE 24050 price on 2026-04-28 09:20 = 209.4. Step 3: Check NIFTY PE 24050 price on 2026-05-06 15:20 = 120.0. Step 4: PnL = (120.0 - 209.4) * 195 = ₹-17433.0.
17,WEEKLY_SHORT_DECAY_1,28/04/2026 09:20,06/05/2026 15:20,SELL,NIFTY PE 23900,23900,65,24098.25,24321.7,149.45,0,149.45,9714.25,Step 1: Check Nifty Spot on 2026-04-28 09:20 = 24098.25. Step 2: Check NIFTY PE 23900 price on 2026-04-28 09:20 = 149.45. Step 3: Check NIFTY PE 23900 price on 2026-05-06 15:20 = 0.0. Step 4: PnL = (0.0 - 149.45) * 65 = ₹9714.25.
17,WEEKLY_SHORT_DECAY_2,28/04/2026 09:20,06/05/2026 15:20,SELL,NIFTY PE 24400,24400,65,24098.25,24321.7,403.15,78.3,324.85,21115.25,Step 1: Check Nifty Spot on 2026-04-28 09:20 = 24098.25. Step 2: Check NIFTY PE 24400 price on 2026-04-28 09:20 = 403.15. Step 3: Check NIFTY PE 24400 price on 2026-05-06 15:20 = 78.29999999999927. Step 4: PnL = (78.29999999999927 - 403.15) * 65 = ₹21115.25.
18,MONTHLY_LONG_HEDGE,07/05/2026 09:20,14/05/2026 15:20,BUY,NIFTY PE 24200,24200,195,24317.9,23681.6,205.05,638.4,1300.05,84503.25,Step 1: Check Nifty Spot on 2026-05-07 09:20 = 24317.9. Step 2: Check NIFTY PE 24200 price on 2026-05-07 09:20 = 205.05. Step 3: Check NIFTY PE 24200 price on 2026-05-14 15:20 = 638.4000000000015. Step 4: PnL = (638.4000000000015 - 205.05) * 195 = ₹84503.25.
18,WEEKLY_SHORT_DECAY_1,07/05/2026 09:20,14/05/2026 15:20,SELL,NIFTY PE 24250,24250,65,24317.9,23681.6,140,568.4,-428.4,-27846,Step 1: Check Nifty Spot on 2026-05-07 09:20 = 24317.9. Step 2: Check NIFTY PE 24250 price on 2026-05-07 09:20 = 140.0. Step 3: Check NIFTY PE 24250 price on 2026-05-14 15:20 = 568.4000000000015. Step 4: PnL = (568.4000000000015 - 140.0) * 65 = ₹-27846.0.
18,WEEKLY_SHORT_DECAY_2,07/05/2026 09:20,14/05/2026 15:20,SELL,NIFTY PE 24600,24600,65,24317.9,23681.6,338.55,918.4,-579.85,-37690.25,Step 1: Check Nifty Spot on 2026-05-07 09:20 = 24317.9. Step 2: Check NIFTY PE 24600 price on 2026-05-07 09:20 = 338.55. Step 3: Check NIFTY PE 24600 price on 2026-05-14 15:20 = 918.4000000000016. Step 4: PnL = (918.4000000000016 - 338.55) * 65 = ₹-37690.25.
19,MONTHLY_LONG_HEDGE,19/05/2026 09:20,26/05/2026 15:20,BUY,NIFTY PE 23600,23600,195,23734.35,23912.85,192.45,120,-217.35,-14127.75,Step 1: Check Nifty Spot on 2026-05-19 09:20 = 23734.35. Step 2: Check NIFTY PE 23600 price on 2026-05-19 09:20 = 192.45. Step 3: Check NIFTY PE 23600 price on 2026-05-26 15:20 = 120.0. Step 4: PnL = (120.0 - 192.45) * 195 = ₹-14127.75.
19,WEEKLY_SHORT_DECAY_1,19/05/2026 09:20,26/05/2026 15:20,SELL,NIFTY PE 23500,23500,65,23734.35,23912.85,156.9,0,156.9,10198.5,Step 1: Check Nifty Spot on 2026-05-19 09:20 = 23734.35. Step 2: Check NIFTY PE 23500 price on 2026-05-19 09:20 = 156.9. Step 3: Check NIFTY PE 23500 price on 2026-05-26 15:20 = 0.0. Step 4: PnL = (0.0 - 156.9) * 65 = ₹10198.5.
19,WEEKLY_SHORT_DECAY_2,19/05/2026 09:20,26/05/2026 15:20,SELL,NIFTY PE 24000,24000,65,23734.35,23912.85,390.25,87.15,303.1,19701.5,Step 1: Check Nifty Spot on 2026-05-19 09:20 = 23734.35. Step 2: Check NIFTY PE 24000 price on 2026-05-19 09:20 = 390.25. Step 3: Check NIFTY PE 24000 price on 2026-05-26 15:20 = 87.15000000000146. Step 4: PnL = (87.15000000000146 - 390.25) * 65 = ₹19701.5.
20,MONTHLY_LONG_HEDGE,02/06/2026 09:20,09/06/2026 15:20,BUY,NIFTY PE 23350,23350,195,23287.1,23233.1,207.35,236.9,88.65,5762.25,Step 1: Check Nifty Spot on 2026-06-02 09:20 = 23287.1. Step 2: Check NIFTY PE 23350 price on 2026-06-02 09:20 = 207.35. Step 3: Check NIFTY PE 23350 price on 2026-06-09 15:20 = 236.90000000000143. Step 4: PnL = (236.90000000000143 - 207.35) * 195 = ₹5762.25.
20,WEEKLY_SHORT_DECAY_1,02/06/2026 09:20,09/06/2026 15:20,SELL,NIFTY PE 23200,23200,65,23287.1,23233.1,142.55,0,142.55,9265.75,Step 1: Check Nifty Spot on 2026-06-02 09:20 = 23287.1. Step 2: Check NIFTY PE 23200 price on 2026-06-02 09:20 = 142.55. Step 3: Check NIFTY PE 23200 price on 2026-06-09 15:20 = 0.0. Step 4: PnL = (0.0 - 142.55) * 65 = ₹9265.75.
20,WEEKLY_SHORT_DECAY_2,02/06/2026 09:20,09/06/2026 15:20,SELL,NIFTY PE 23650,23650,65,23287.1,23233.1,360,416.9,-56.9,-3698.5,Step 1: Check Nifty Spot on 2026-06-02 09:20 = 23287.1. Step 2: Check NIFTY PE 23650 price on 2026-06-02 09:20 = 360.0. Step 3: Check NIFTY PE 23650 price on 2026-06-09 15:20 = 416.9000000000015. Step 4: PnL = (416.9000000000015 - 360.0) * 65 = ₹-3698.5.
21,MONTHLY_LONG_HEDGE,11/06/2026 09:20,18/06/2026 15:20,BUY,NIFTY PE 22900,22900,195,23126.9,24177.8,192.75,120,-218.25,-14186.25,Step 1: Check Nifty Spot on 2026-06-11 09:20 = 23126.9. Step 2: Check NIFTY PE 22900 price on 2026-06-11 09:20 = 192.75. Step 3: Check NIFTY PE 22900 price on 2026-06-18 15:20 = 120.0. Step 4: PnL = (120.0 - 192.75) * 195 = ₹-14186.25.
21,WEEKLY_SHORT_DECAY_1,11/06/2026 09:20,18/06/2026 15:20,SELL,NIFTY PE 23100,23100,65,23126.9,24177.8,150.5,0,150.5,9782.5,Step 1: Check Nifty Spot on 2026-06-11 09:20 = 23126.9. Step 2: Check NIFTY PE 23100 price on 2026-06-11 09:20 = 150.5. Step 3: Check NIFTY PE 23100 price on 2026-06-18 15:20 = 0.0. Step 4: PnL = (0.0 - 150.5) * 65 = ₹9782.5.
21,WEEKLY_SHORT_DECAY_2,11/06/2026 09:20,18/06/2026 15:20,SELL,NIFTY PE 23500,23500,65,23126.9,24177.8,413.15,0,413.15,26854.75,Step 1: Check Nifty Spot on 2026-06-11 09:20 = 23126.9. Step 2: Check NIFTY PE 23500 price on 2026-06-11 09:20 = 413.15. Step 3: Check NIFTY PE 23500 price on 2026-06-18 15:20 = 0.0. Step 4: PnL = (0.0 - 413.15) * 65 = ₹26854.75.
22,MONTHLY_LONG_HEDGE,23/06/2026 09:20,01/07/2026 15:20,BUY,NIFTY PE 24200,24200,195,24090.6,23995.15,200.85,324.85,372,24180,Step 1: Check Nifty Spot on 2026-06-23 09:20 = 24090.6. Step 2: Check NIFTY PE 24200 price on 2026-06-23 09:20 = 200.85. Step 3: Check NIFTY PE 24200 price on 2026-07-01 15:20 = 324.84999999999854. Step 4: PnL = (324.84999999999854 - 200.85) * 195 = ₹24180.0.
22,WEEKLY_SHORT_DECAY_1,23/06/2026 09:20,01/07/2026 15:20,SELL,NIFTY PE 24100,24100,65,24090.6,23995.15,145.55,104.85,40.7,2645.5,Step 1: Check Nifty Spot on 2026-06-23 09:20 = 24090.6. Step 2: Check NIFTY PE 24100 price on 2026-06-23 09:20 = 145.55. Step 3: Check NIFTY PE 24100 price on 2026-07-01 15:20 = 104.84999999999854. Step 4: PnL = (104.84999999999854 - 145.55) * 65 = ₹2645.5.
22,WEEKLY_SHORT_DECAY_2,23/06/2026 09:20,01/07/2026 15:20,SELL,NIFTY PE 24200,24200,65,24090.6,23995.15,200.85,204.85,-4,-260,Step 1: Check Nifty Spot on 2026-06-23 09:20 = 24090.6. Step 2: Check NIFTY PE 24200 price on 2026-06-23 09:20 = 200.85. Step 3: Check NIFTY PE 24200 price on 2026-07-01 15:20 = 204.8499999999985. Step 4: PnL = (204.8499999999985 - 200.85) * 65 = ₹-260.0.
23,MONTHLY_LONG_HEDGE,02/07/2026 09:20,09/07/2026 15:20,BUY,NIFTY PE 24150,24150,195,24105.9,23961.1,203.2,308.9,317.1,20611.5,Step 1: Check Nifty Spot on 2026-07-02 09:20 = 24105.9. Step 2: Check NIFTY PE 24150 price on 2026-07-02 09:20 = 203.2. Step 3: Check NIFTY PE 24150 price on 2026-07-09 15:20 = 308.90000000000146. Step 4: PnL = (308.90000000000146 - 203.2) * 195 = ₹20611.5.
23,WEEKLY_SHORT_DECAY_1,02/07/2026 09:20,09/07/2026 15:20,SELL,NIFTY PE 24150,24150,65,24105.9,23961.1,140.25,188.9,-48.65,-3162.25,Step 1: Check Nifty Spot on 2026-07-02 09:20 = 24105.9. Step 2: Check NIFTY PE 24150 price on 2026-07-02 09:20 = 140.25. Step 3: Check NIFTY PE 24150 price on 2026-07-09 15:20 = 188.90000000000143. Step 4: PnL = (188.90000000000143 - 140.25) * 65 = ₹-3162.25.
23,WEEKLY_SHORT_DECAY_2,02/07/2026 09:20,09/07/2026 15:20,SELL,NIFTY PE 24200,24200,65,24105.9,23961.1,165.6,238.9,-73.3,-4764.5,Step 1: Check Nifty Spot on 2026-07-02 09:20 = 24105.9. Step 2: Check NIFTY PE 24200 price on 2026-07-02 09:20 = 165.6. Step 3: Check NIFTY PE 24200 price on 2026-07-09 15:20 = 238.90000000000143. Step 4: PnL = (238.90000000000143 - 165.6) * 65 = ₹-4764.5.
24,MONTHLY_LONG_HEDGE,14/07/2026 09:20,21/07/2026 15:20,BUY,NIFTY PE 24150,24150,195,24121.4,24186.75,204.45,120,-253.35,-16467.75,Step 1: Check Nifty Spot on 2026-07-14 09:20 = 24121.4. Step 2: Check NIFTY PE 24150 price on 2026-07-14 09:20 = 204.45. Step 3: Check NIFTY PE 24150 price on 2026-07-21 15:20 = 120.0. Step 4: PnL = (120.0 - 204.45) * 195 = ₹-16467.75.
24,WEEKLY_SHORT_DECAY_1,14/07/2026 09:20,21/07/2026 15:20,SELL,NIFTY PE 24250,24250,65,24121.4,24186.75,156.1,63.25,92.85,6035.25,Step 1: Check Nifty Spot on 2026-07-14 09:20 = 24121.4. Step 2: Check NIFTY PE 24250 price on 2026-07-14 09:20 = 156.1. Step 3: Check NIFTY PE 24250 price on 2026-07-21 15:20 = 63.25. Step 4: PnL = (63.25 - 156.1) * 65 = ₹6035.25.
24,WEEKLY_SHORT_DECAY_2,14/07/2026 09:20,21/07/2026 15:20,SELL,NIFTY PE 24250,24250,65,24121.4,24186.75,260.3,63.25,197.05,12808.25,Step 1: Check Nifty Spot on 2026-07-14 09:20 = 24121.4. Step 2: Check NIFTY PE 24250 price on 2026-07-14 09:20 = 260.3. Step 3: Check NIFTY PE 24250 price on 2026-07-21 15:20 = 63.25. Step 4: PnL = (63.25 - 260.3) * 65 = ₹12808.25.
